d001.s001.t002	d001.s001.t002	bn:00028015n						
d001.s001.t005	d001.s001.t005	bn:00075142n						
d001.s001.t008	d001.s001.t008	bn:00067181n	bn:08904168n	wiki:relazione_(testo)	wiki:report_informativo			
d001.s001.t009	d001.s001.t009	bn:00109211a						
d001.s001.t011	d001.s001.t011	bn:00005120n	bn:00031972n					
d001.s001.t012	d001.s001.t012	bn:00102440a						
d001.s002.t003	d001.s002.t003	bn:00086612v						
d001.s002.t005	d001.s002.t005	bn:00001965n						
d001.s002.t009	d001.s002.t009	bn:00011638n	bn:00021015n	wiki:comitato_(collegio)				
d001.s002.t009	d001.s002.t015	bn:00302314n						
d001.s002.t012	d001.s002.t012	bn:00054128n	bn:00061887n	wiki:farmaco				
d001.s002.t014	d001.s002.t014	bn:00030627n	bn:00079370n					
d001.s002.t015	d001.s002.t015	bn:00104385a						
d001.s002.t017	d001.s002.t017	bn:00302314n						
d001.s002.t020	d001.s002.t020	bn:00082720v						
d001.s002.t022	d001.s002.t022	bn:00074790n						
d001.s002.t022	d001.s002.t023	bn:00069678n	wiki:metodo_scientifico					
d001.s002.t023	d001.s002.t023	bn:00110175a						
d001.s002.t024	d001.s002.t024	bn:00082225v	bn:00082311v					
d001.s002.t027	d001.s002.t027	bn:00082799v						
d001.s002.t029	d001.s002.t029	bn:00001592n	bn:00066562n					
d001.s002.t032	d001.s002.t032	bn:00082705v	bn:00089140v					
d001.s002.t034	d001.s002.t034	bn:00054128n	bn:00061887n	wiki:farmaco				
d001.s003.t002	d001.s003.t002	bn:00104887a						
d001.s003.t003	d001.s003.t003	bn:00046705n	bn:00057548n	wiki:informazione				
d001.s003.t004	d001.s003.t004	bn:00083240v						
d001.s003.t006	d001.s003.t006	bn:00096707a						
d001.s003.t007	d001.s003.t007	bn:00021644n	bn:00021648n					
d001.s003.t012	d001.s003.t012	bn:00047235n	bn:00076843n	wiki:terapia				
d001.s003.t014	d001.s003.t014	bn:00092424v						
d001.s003.t016	d001.s003.t016	bn:00062308n						
d001.s003.t016	d001.s003.t017	bn:02573503n	wiki:foglietto_illustrativo					
d001.s003.t019	d001.s003.t019	bn:00082893v						
d001.s003.t024	d001.s003.t024	bn:00085574v	bn:00093431v					
d001.s003.t026	d001.s003.t026	bn:00027976n	bn:00054116n	wiki:medico				
d001.s003.t029	d001.s003.t029	bn:00004992n	wiki:farmacista	wiki:speziale				
d001.s004.t002	d001.s004.t002	bn:00104887a						
d001.s004.t003	d001.s004.t003	bn:00046705n	bn:00057548n	wiki:informazione				
d001.s004.t004	d001.s004.t004	bn:00066865n						
d001.s004.t006	d001.s004.t006	bn:00048673n						
d001.s004.t008	d001.s004.t008	bn:00001592n	bn:00066562n					
d001.s004.t010	d001.s004.t010	bn:00302314n						
d001.s004.t012	d001.s004.t012	bn:00092424v						
d001.s004.t014	d001.s004.t014	bn:00005601n	bn:00027523n	wiki:dibattito				
d001.s004.t015	d001.s004.t015	bn:00110175a						
d001.s004.t019	d001.s004.t019	bn:00082893v						
d001.s005.t002	d001.s005.t002	bn:00076924n						
d001.s005.t004	d001.s005.t004	bn:00602447n						
d001.s006.t001	d001.s006.t001	bn:00602447n						
d001.s006.t004	d001.s006.t004	bn:00029192n	bn:00063926n	wiki:polvere				
d001.s006.t006	d001.s006.t006	bn:00092532v						
d001.s006.t008	d001.s006.t008	bn:00072760n	wiki:soluzione_(chimica)					
d001.s006.t010	d001.s006.t010	bn:08927651n	wiki:infusione_(medicina)					
d001.s006.t012	d001.s006.t012	bn:00046787n	wiki:iniezione_(medicina)					
d001.s006.t013	d001.s006.t013	bn:00548470n						
d001.s006.t015	d001.s006.t015	bn:00548470n						
d001.s006.t017	d001.s006.t017	bn:00079681n	wiki:vena					
d001.s007.t001	d001.s007.t001	bn:00083225v	bn:00085499v					
d001.s007.t003	d001.s007.t004	bn:00377649n	wiki:principio_attivo					
d001.s007.t004	d001.s007.t004	bn:00096387a						
d001.s007.t005	d001.s007.t005	bn:00602447n						
d001.s008.t005	d001.s008.t005	bn:00082705v	bn:00089140v					
d001.s008.t006	d001.s008.t006	bn:00602447n						
d001.s009.t001	d001.s009.t001	bn:00602447n						
d001.s009.t003	d001.s009.t003	bn:00089682v						
d001.s009.t005	d001.s009.t005	bn:00047235n						
d001.s009.t007	d001.s009.t007	bn:00000075n	wiki:2_(numero)					
d001.s009.t008	d001.s009.t008	bn:00035907n	bn:00078798n					
d001.s009.t010	d001.s009.t010	bn:00057267n	wiki:neoplasia					
d001.s009.t013	d001.s009.t013	bn:00054512n	wiki:mesotelioma					
d001.s009.t014	d001.s009.t014	bn:00108692a						
d001.s009.t016	d001.s009.t016	bn:00057267n	wiki:neoplasia					
d001.s009.t018	d001.s009.t018	bn:00054285n	bn:00070625n	wiki:membrana_sierosa				
d001.s009.t022	d001.s009.t022	bn:00052341n	wiki:polmone					
d001.s009.t024	d001.s009.t024	bn:00114778r						
d001.s009.t025	d001.s009.t025	bn:00084069v	bn:00084699v					
d001.s009.t027	d001.s009.t027	bn:00032375n						
d001.s009.t029	d001.s009.t029	bn:00006236n	wiki:asbesto					
d001.s010.t001	d001.s010.t001	bn:00602447n						
d001.s010.t003	d001.s010.t003	bn:00082705v						
d001.s010.t005	d001.s010.t005	bn:00020872n						
d001.s010.t007	d001.s010.t007	bn:00577781n	wiki:cisplatino					
d001.s010.t010	d001.s010.t010	bn:00097165a	bn:00101348a	bn:00108011a				
d001.s010.t011	d001.s010.t011	bn:00024461n	bn:00054128n	bn:00061887n	wiki:farmaco			
d001.s010.t016	d001.s010.t016	bn:00057267n	wiki:neoplasia					
d001.s010.t019	d001.s010.t019	bn:00109675a						
d001.s010.t024	d001.s010.t024	bn:00082144v	bn:00092783v					
d001.s010.t028	d001.s010.t028	bn:00059129n	wiki:chirurgia					
d001.s010.t028	d001.s010.t029	bn:00059129n	wiki:chirurgia					
d001.s010.t029	d001.s010.t029	bn:00107916a						
d001.s010.t033	d001.s010.t033	bn:00106363a						
d001.s010.t037	d001.s010.t037	bn:00093332v						
d001.s010.t041	d001.s010.t041	bn:00105981a	bn:00105982a					
d001.s010.t043	d001.s010.t043	bn:00093332v						
d001.s010.t044	d001.s010.t044	bn:00115155r	bn:00116794r					
d001.s010.t048	d001.s010.t048	bn:00060765n						
d001.s010.t048	d001.s010.t050	bn:00011769n						
d001.s010.t050	d001.s010.t050	bn:00011744n	wiki:corpo_(anatomia)					
d001.s010.t054	d001.s010.t054	bn:00061017n	wiki:paziente					
d001.s010.t061	d001.s010.t061	bn:00004489n						
d001.s010.t063	d001.s010.t063	bn:00018141n	wiki:chemioterapia					
d001.s010.t065	d001.s010.t065	bn:00015180n	bn:00015910n	wiki:carcinoma	wiki:neoplasia#comportamento_biologico:_benignità_e_malignità			
d001.s010.t065	d001.s010.t066	bn:00052343n	wiki:carcinoma_del_polmone					
d001.s010.t066	d001.s010.t066	bn:00108724a						
d001.s010.t069	d001.s010.t069	bn:00106058a	bn:00106773a					
d001.s010.t070	d001.s010.t070	bn:00017027n	wiki:cellula					
d001.s010.t072	d001.s010.t072	bn:00025966n	bn:00061898n					
d001.s010.t073	d001.s010.t073	bn:00096532a						
d001.s010.t075	d001.s010.t075	bn:00106664a						
d001.s010.t078	d001.s010.t078	bn:00083240v						
d001.s010.t080	d001.s010.t080	bn:00017027n	wiki:cellula					
d001.s010.t080	d001.s010.t081	bn:00073708n	wiki:epitelio_pavimentoso					
d001.s011.t001	d001.s011.t001	bn:00602447n						
d001.s011.t003	d001.s011.t003	bn:00082705v	bn:00089140v					
d001.s011.t005	d001.s011.t005	bn:00006541n						
d001.s011.t007	d001.s011.t007	bn:00577781n	wiki:cisplatino					
d001.s011.t009	d001.s011.t009	bn:00061017n	wiki:paziente					
d001.s011.t011	d001.s011.t011	bn:00084532v	bn:00087116v	bn:00092032v				
d001.s011.t013	d001.s011.t013	bn:00060927n	bn:00060928n	wiki:passato				
d001.s011.t016	d001.s011.t016	bn:00114234r						
d001.s011.t018	d001.s011.t018	bn:00061017n	wiki:paziente					
d001.s011.t021	d001.s011.t021	bn:00060927n	bn:00060928n	wiki:passato				
d001.s011.t027	d001.s011.t027	bn:00097165a	bn:00101348a	bn:00108011a				
d001.s011.t028	d001.s011.t028	bn:00035907n	bn:00078798n					
d001.s011.t030	d001.s011.t030	bn:00018141n	wiki:chemioterapia					
d001.s012.t002	d001.s012.t002	bn:00054128n	bn:00061887n	wiki:farmaco				
d001.s012.t005	d001.s012.t005	bn:00082276v	bn:00091124v					
d001.s012.t006	d001.s012.t006	bn:00114234r						
d001.s012.t008	d001.s012.t008	bn:00064195n						
d001.s012.t008	d001.s012.t009	bn:08939907n	wiki:ricetta_medica_del_ssn					
d001.s013.t003	d001.s013.t003	bn:00082705v	bn:00089140v					
d001.s013.t004	d001.s013.t004	bn:00602447n						
d001.s014.t001	d001.s014.t001	bn:00602447n						
d001.s014.t004	d001.s014.t004	bn:00082365v						
d001.s014.t005	d001.s014.t005	bn:00114234r						
d001.s014.t008	d001.s014.t008	bn:00059908n						
d001.s014.t011	d001.s014.t011	bn:00027976n	bn:00054116n	wiki:medico				
d001.s014.t012	d001.s014.t012	bn:00110711a						
d001.s014.t015	d001.s014.t015	bn:00030627n	bn:00036822n	bn:00079370n				
d001.s014.t017	d001.s014.t017	bn:00018141n	wiki:chemioterapia					
d001.s015.t002	d001.s015.t002	bn:00028320n						
d001.s015.t005	d001.s015.t005	bn:00602447n						
d001.s015.t009	d001.s015.t009	bn:00054701n	wiki:ordini_di_grandezza_(massa)					
d001.s015.t011	d001.s015.t011	bn:00052501n	wiki:metro					
d001.s015.t011	d001.s015.t012	bn:00017102n	wiki:metro_quadrato					
d001.s015.t014	d001.s015.t014	bn:00005518n	bn:00075374n	wiki:area				
d001.s015.t014	d001.s015.t015	bn:03551355n						
d001.s015.t015	d001.s015.t015	bn:00098649a						
d001.s015.t017	d001.s015.t017	bn:00084373v						
d001.s015.t018	d001.s015.t018	bn:00082705v						
d001.s015.t020	d001.s015.t020	bn:00043544n	bn:00043545n	wiki:altezza_(geometria)	wiki:statura			
d001.s015.t023	d001.s015.t023	bn:00080831n	wiki:forza_peso					
d001.s015.t025	d001.s015.t025	bn:00061017n	wiki:paziente					
d001.s015.t028	d001.s015.t028	bn:00082365v						
d001.s015.t030	d001.s015.t030	bn:08927651n	wiki:infusione_(medicina)					
d001.s015.t030	d001.s015.t031	bn:00047280n	wiki:fleboclisi					
d001.s015.t031	d001.s015.t031	bn:00102230a						
d001.s015.t034	d001.s015.t034	bn:00055094n	wiki:minuto					
d001.s015.t036	d001.s015.t036	bn:00019848n						
d001.s015.t037	d001.s015.t037	bn:00102466a						
d001.s015.t038	d001.s015.t038	bn:00095975a						
d001.s015.t039	d001.s015.t039	bn:00043484n	wiki:settimana					
d001.s016.t002	d001.s016.t002	bn:00084079v						
d001.s016.t004	d001.s016.t004	bn:00021961n	bn:00029874n					
d001.s016.t008	d001.s016.t008	bn:00061017n	wiki:paziente					
d001.s016.t010	d001.s016.t010	bn:00085689v						
d001.s016.t012	d001.s016.t012	bn:00001507n	wiki:corticosteroide					
d001.s016.t014	d001.s016.t014	bn:00000902n	wiki:acido					
d001.s016.t014	d001.s016.t015	bn:00035585n	wiki:acido_folico					
d001.s016.t018	d001.s016.t018	bn:00035907n	bn:00078798n					
d001.s016.t020	d001.s016.t020	bn:00080147n	wiki:vitamine					
d001.s016.t023	d001.s016.t023	bn:00089246v						
d001.s016.t024	d001.s016.t024	bn:00046787n	wiki:iniezione_(medicina)					
d001.s016.t026	d001.s016.t026	bn:00080147n	wiki:vitamine					
d001.s016.t026	d001.s016.t027	bn:00004712n	bn:09027992n	wiki:cobalamina	wiki:vitamina_b12_(diete_vegetariane)			
d001.s016.t030	d001.s016.t030	bn:00047235n						
d001.s016.t032	d001.s016.t032	bn:00602447n						
d001.s017.t002	d001.s017.t002	bn:00602447n						
d001.s017.t004	d001.s017.t004	bn:00082365v						
d001.s017.t006	d001.s017.t006	bn:00577781n	wiki:cisplatino					
d001.s017.t009	d001.s017.t009	bn:00061017n	wiki:paziente					
d001.s017.t011	d001.s017.t011	bn:00085689v						
d001.s017.t013	d001.s017.t013	bn:00024461n	bn:00054128n	bn:00061887n	wiki:farmaco			
d001.s017.t013	d001.s017.t014	bn:00004656n	wiki:antiemetico					
d001.s017.t014	d001.s017.t014	bn:00004656n	wiki:antiemetico					
d001.s017.t017	d001.s017.t017	bn:00082954v	bn:00088454v					
d001.s017.t019	d001.s017.t019	bn:00027565n	wiki:vomito					
d001.s017.t022	d001.s017.t022	bn:00089246v						
d001.s017.t024	d001.s017.t024	bn:00096446a	bn:00096549a					
d001.s017.t025	d001.s017.t025	bn:00045347n						
d001.s017.t028	d001.s017.t028	bn:00082954v	bn:00088454v					
d001.s017.t030	d001.s017.t030	bn:00025982n	bn:00025983n	wiki:disidratazione				
d001.s017.t032	d001.s017.t032	bn:00114185r	bn:00114512r					
d001.s017.t034	d001.s017.t034	bn:00114165r						
d001.s017.t036	d001.s017.t036	bn:00022107n						
d001.s017.t038	d001.s017.t038	bn:00577781n	wiki:cisplatino					
d001.s018.t002	d001.s018.t002	bn:00047235n						
d001.s018.t005	d001.s018.t005	bn:00086459v						
d001.s018.t007	d001.s018.t007	bn:00082149v	bn:00083900v	bn:00083908v				
d001.s018.t011	d001.s018.t011	bn:00028320n						
d001.s018.t014	d001.s018.t014	bn:00084079v						
d001.s018.t017	d001.s018.t017	bn:00061017n	wiki:paziente					
d001.s018.t019	d001.s018.t019	bn:00017653n						
d001.s018.t022	d001.s018.t022	bn:00103861a						
d001.s018.t025	d001.s018.t025	bn:00082233v	bn:00092823v					
d001.s018.t027	d001.s018.t027	bn:00021961n	bn:00029874n					
d001.s019.t002	d001.s019.t002	bn:00030627n						
d001.s019.t004	d001.s019.t004	bn:00602447n						
d001.s019.t008	d001.s019.t008	bn:00061017n	wiki:paziente					
d001.s019.t010	d001.s019.t011	bn:00067102n						
d001.s019.t012	d001.s019.t012	bn:00100896a						
d001.s019.t014	d001.s019.t014	bn:00106826a						
d001.s020.t002	d001.s020.t002	bn:00104887a						
d001.s020.t003	d001.s020.t003	bn:00046705n	bn:00057548n	wiki:informazione				
d001.s020.t008	d001.s020.t008	bn:00000398n	bn:00066480n	bn:00075142n				
d001.s020.t010	d001.s020.t010	bn:00017747n	bn:00017761n	bn:00017762n				
d001.s020.t012	d001.s020.t012	bn:00064584n						
d001.s020.t016	d001.s020.t016	bn:00082893v						
d001.s021.t002	d001.s021.t002	bn:00082285v						
d001.s021.t003	d001.s021.t003	bn:00602447n						
d001.s022.t002	d001.s022.t003	bn:00377649n	wiki:principio_attivo					
d001.s022.t003	d001.s022.t003	bn:00096387a						
d001.s022.t005	d001.s022.t005	bn:00602447n						
d001.s022.t007	d001.s022.t007	bn:00602447n						
d001.s022.t011	d001.s022.t011	bn:00054128n	bn:00061887n	wiki:farmaco				
d001.s022.t012	d001.s022.t012	bn:00100866a						
d001.s022.t014	d001.s022.t014	bn:00054128n	bn:00061887n	wiki:farmaco				
d001.s022.t016	d001.s022.t016	bn:00090098v						
d001.s022.t018	d001.s022.t018	bn:00017027n	wiki:cellula					
d001.s022.t020	d001.s022.t020	bn:00096387a						
d001.s022.t021	d001.s022.t021	bn:00027913n	bn:00027920n					
d001.s022.t025	d001.s022.t025	bn:00017027n	wiki:cellula					
d001.s022.t025	d001.s022.t026	bn:00015187n						
d001.s022.t026	d001.s022.t026	bn:00107222a						
d001.s022.t030	d001.s022.t030	bn:00083391v						
d001.s022.t032	d001.s022.t032	bn:00041942n						
d001.s022.t034	d001.s022.t034	bn:00004691n	wiki:antimetabolita					
d001.s023.t002	d001.s023.t002	bn:00009677n	wiki:organismo_vivente					
d001.s023.t004	d001.s023.t004	bn:00602447n						
d001.s023.t006	d001.s023.t006	bn:00085761v						
d001.s023.t009	d001.s023.t009	bn:00035913n						
d001.s023.t010	d001.s023.t010	bn:00096387a						
d001.s023.t012	d001.s023.t012	bn:00083622v						
d001.s023.t014	d001.s023.t014	bn:00001173n						
d001.s023.t016	d001.s023.t016	bn:00031085n	wiki:enzima					
d001.s023.t017	d001.s023.t017	bn:00082428v						
d001.s023.t019	d001.s023.t019	bn:00064590n						
d001.s023.t021	d001.s023.t021	bn:00008788n	wiki:nucleotide					
d001.s023.t024	d001.s023.t024	bn:00021396n						
d001.s023.t027	d001.s023.t027	bn:00026301n	wiki:dna					
d001.s023.t029	d001.s023.t029	bn:00067714n	wiki:rna					
d001.s023.t032	d001.s023.t032	bn:00053801n						
d001.s023.t032	d001.s023.t033	bn:00037738n	wiki:genoma					
d001.s023.t033	d001.s023.t033	bn:00103522a						
d001.s023.t035	d001.s023.t035	bn:00017027n	wiki:cellula					
d001.s024.t002	d001.s024.t002	bn:00049573n	bn:00067181n	bn:00074790n	wiki:progetto	wiki:report_informativo		
d001.s024.t005	d001.s024.t005	bn:00082225v	bn:00082311v					
d001.s024.t007	d001.s024.t007	bn:00602447n						
d001.s025.t003	d001.s025.t003	bn:00047235n						
d001.s025.t005	d001.s025.t005	bn:00054512n	wiki:mesotelioma					
d001.s025.t006	d001.s025.t006	bn:00108692a						
d001.s025.t007	d001.s025.t007	bn:00106363a						
d001.s025.t009	d001.s025.t009	bn:00602447n						
d001.s025.t012	d001.s025.t012	bn:00082596v						
d001.s025.t014	d001.s025.t014	bn:00003268n	bn:00005514n					
d001.s025.t017	d001.s025.t017	bn:00049573n	bn:00067181n	bn:00074790n	wiki:progetto	wiki:report_informativo		
d001.s025.t018	d001.s025.t018	bn:00099598a	bn:00106333a					
d001.s025.t019	d001.s025.t019	bn:00091177v						
d001.s025.t022	d001.s025.t022	bn:00061017n	wiki:paziente					
d001.s025.t029	d001.s025.t029	bn:00018141n	wiki:chemioterapia					
d001.s025.t031	d001.s025.t031	bn:00004489n						
d001.s026.t002	d001.s026.t002	bn:00021961n	bn:00029874n					
d001.s026.t004	d001.s026.t004	bn:00602447n						
d001.s026.t005	d001.s026.t005	bn:00082365v						
d001.s026.t007	d001.s026.t007	bn:00020872n						
d001.s026.t009	d001.s026.t009	bn:00577781n	wiki:cisplatino					
d001.s026.t012	d001.s026.t012	bn:00085450v						
d001.s026.t016	d001.s026.t016	bn:00577781n	wiki:cisplatino					
d001.s026.t018	d001.s026.t018	bn:08892031n	wiki:monoterapia					
d001.s027.t003	d001.s027.t003	bn:00047235n						
d001.s027.t005	d001.s027.t005	bn:00015180n	bn:00015910n	wiki:carcinoma	wiki:neoplasia#comportamento_biologico:_benignità_e_malignità			
d001.s027.t005	d001.s027.t006	bn:00052343n	wiki:carcinoma_del_polmone					
d001.s027.t006	d001.s027.t006	bn:00108724a						
d001.s027.t009	d001.s027.t009	bn:00106058a	bn:00106773a					
d001.s027.t010	d001.s027.t010	bn:00017027n	wiki:cellula					
d001.s027.t013	d001.s027.t013	bn:00021961n	bn:00029874n					
d001.s027.t015	d001.s027.t015	bn:00602447n						
d001.s027.t018	d001.s027.t018	bn:00085450v						
d001.s027.t022	d001.s027.t022	bn:01537207n	wiki:docetaxel					
d001.s027.t025	d001.s027.t025	bn:00097165a	bn:00101348a	bn:00108011a				
d001.s027.t026	d001.s027.t026	bn:00024461n	bn:00054128n	bn:00061887n	wiki:farmaco			
d001.s027.t031	d001.s027.t031	bn:00049573n	bn:00067181n	bn:00074790n	wiki:progetto	wiki:report_informativo		
d001.s027.t032	d001.s027.t032	bn:00091177v						
d001.s027.t035	d001.s027.t035	bn:00061017n	wiki:paziente					
d001.s027.t037	d001.s027.t037	bn:00057267n	wiki:neoplasia					
d001.s027.t039	d001.s027.t039	bn:00025966n	bn:00061898n					
d001.s027.t040	d001.s027.t040	bn:00096532a						
d001.s027.t042	d001.s027.t042	bn:00106664a						
d001.s027.t047	d001.s027.t047	bn:00004489n						
d001.s027.t049	d001.s027.t049	bn:00018141n	wiki:chemioterapia					
d001.s028.t001	d001.s028.t001	bn:00602447n						
d001.s028.t005	d001.s028.t005	bn:00085450v						
d001.s028.t007	d001.s028.t007	bn:00848690n	wiki:gemcitabina					
d001.s028.t010	d001.s028.t010	bn:00054128n	bn:00061887n	wiki:farmaco				
d001.s028.t016	d001.s028.t016	bn:00006541n						
d001.s028.t018	d001.s028.t018	bn:00577781n	wiki:cisplatino					
d001.s028.t022	d001.s028.t022	bn:00049573n	bn:00067181n	bn:00074790n	wiki:progetto	wiki:report_informativo		
d001.s028.t025	d001.s028.t025	bn:00061017n	wiki:paziente					
d001.s028.t028	d001.s028.t028	bn:00060927n	bn:00060928n	wiki:passato				
d001.s028.t035	d001.s028.t035	bn:00018141n	wiki:chemioterapia					
d001.s028.t037	d001.s028.t037	bn:00057267n	wiki:neoplasia					
d001.s028.t037	d001.s028.t038	bn:00052343n	wiki:carcinoma_del_polmone					
d001.s028.t038	d001.s028.t038	bn:00108724a						
d001.s029.t002	d001.s029.t002	bn:00096798a						
d001.s029.t004	d001.s029.t004	bn:00095975a						
d001.s029.t006	d001.s029.t006	bn:00049573n	bn:00067181n	bn:00074790n	wiki:progetto	wiki:report_informativo		
d001.s029.t009	d001.s029.t009	bn:00099598a						
d001.s029.t012	d001.s029.t012	bn:00029876n	bn:00029888n					
d001.s029.t015	d001.s029.t015	bn:00077268n						
d001.s029.t017	d001.s029.t017	bn:00030811n	bn:03155178n					
d001.s029.t019	d001.s029.t019	bn:00061017n	wiki:paziente					
d001.s030.t002	d001.s030.t002	bn:00009905n						
d001.s030.t004	d001.s030.t004	bn:00086567v	bn:00093682v					
d001.s030.t005	d001.s030.t005	bn:00602447n						
d001.s030.t009	d001.s030.t009	bn:00049573n	bn:00067181n	bn:00074790n	wiki:progetto	wiki:report_informativo		
d001.s031.t001	d001.s031.t001	bn:00602447n						
d001.s031.t003	d001.s031.t003	bn:00092332v						
d001.s031.t005	d001.s031.t005	bn:00077268n						
d001.s031.t007	d001.s031.t007	bn:00030811n	bn:03155178n					
d001.s031.t009	d001.s031.t009	bn:00061017n	wiki:paziente					
d001.s031.t010	d001.s031.t010	bn:00104538a						
d001.s031.t012	d001.s031.t012	bn:00054512n	wiki:mesotelioma					
d001.s031.t013	d001.s031.t013	bn:00108692a						
d001.s031.t014	d001.s031.t014	bn:00106363a						
d001.s032.t007	d001.s032.t007	bn:00082365v						
d001.s032.t008	d001.s032.t008	bn:00602447n						
d001.s032.t010	d001.s032.t010	bn:00020872n						
d001.s032.t012	d001.s032.t012	bn:00577781n	wiki:cisplatino					
d001.s032.t014	d001.s032.t014	bn:00085382v	bn:00087617v					
d001.s032.t016	d001.s032.t016	bn:00054001n	wiki:media_(statistica)					
d001.s032.t018	d001.s032.t018	bn:00014710n	bn:00055794n	wiki:mese				
d001.s032.t020	d001.s032.t020	bn:00066865n						
d001.s032.t023	d001.s032.t023	bn:00014710n	bn:00055794n	wiki:mese				
d001.s032.t025	d001.s032.t025	bn:00061017n	wiki:paziente					
d001.s032.t028	d001.s032.t028	bn:00085689v						
d001.s032.t029	d001.s032.t029	bn:00577781n	wiki:cisplatino					
d001.s032.t031	d001.s032.t031	bn:08892031n	wiki:monoterapia					
d001.s033.t002	d001.s033.t002	bn:00047235n						
d001.s033.t004	d001.s033.t004	bn:00061017n	wiki:paziente					
d001.s033.t006	d001.s033.t006	bn:00015180n	bn:00015910n	wiki:carcinoma	wiki:neoplasia#comportamento_biologico:_benignità_e_malignità			
d001.s033.t006	d001.s033.t007	bn:00052343n	wiki:carcinoma_del_polmone					
d001.s033.t007	d001.s033.t007	bn:00108724a						
d001.s033.t010	d001.s033.t010	bn:00106058a	bn:00106773a					
d001.s033.t011	d001.s033.t011	bn:00017027n	wiki:cellula					
d001.s033.t013	d001.s033.t013	bn:00602447n						
d001.s033.t016	d001.s033.t016	bn:00092109v						
d001.s033.t018	d001.s033.t018	bn:00102038a	bn:00102040a					
d001.s034.t002	d001.s034.t002	bn:00061017n	wiki:paziente					
d001.s034.t005	d001.s034.t005	bn:00060927n	bn:00060928n	wiki:passato				
d001.s034.t010	d001.s034.t010	bn:00018141n	wiki:chemioterapia					
d001.s034.t013	d001.s034.t013	bn:00077268n						
d001.s034.t015	d001.s034.t015	bn:00030811n	bn:03155178n					
d001.s034.t016	d001.s034.t016	bn:00097854a	bn:00097857a					
d001.s034.t021	d001.s034.t021	bn:00014710n	bn:00055794n	wiki:mese				
d001.s034.t023	d001.s034.t023	bn:00602447n						
d001.s034.t028	d001.s034.t028	bn:01537207n	wiki:docetaxel					
d001.s035.t002	d001.s035.t002	bn:00061017n	wiki:paziente					
d001.s035.t005	d001.s035.t005	bn:00060927n	bn:00060928n	wiki:passato				
d001.s035.t011	d001.s035.t011	bn:00018141n	wiki:chemioterapia					
d001.s035.t014	d001.s035.t014	bn:00077268n						
d001.s035.t016	d001.s035.t016	bn:00030811n	bn:03155178n	bn:03512504n	wiki:sopravvivenza			
d001.s035.t017	d001.s035.t017	bn:00097854a	bn:00097857a	bn:00097859a				
d001.s035.t022	d001.s035.t022	bn:00014710n	bn:00055794n	wiki:mese				
d001.s035.t026	d001.s035.t026	bn:00041942n	bn:00072536n	wiki:gruppo_sociale				
d001.s036.t001	d001.s036.t001	bn:00115696r						
d001.s036.t006	d001.s036.t006	bn:00049573n	bn:00067181n	bn:00074790n	wiki:progetto	wiki:report_informativo		
d001.s036.t008	d001.s036.t008	bn:00061017n	wiki:paziente					
d001.s036.t011	d001.s036.t011	bn:00057267n	wiki:neoplasia					
d001.s036.t013	d001.s036.t013	bn:00083240v						
d001.s036.t014	d001.s036.t014	bn:00017027n	wiki:cellula					
d001.s036.t014	d001.s036.t015	bn:00073708n	wiki:epitelio_pavimentoso					
d001.s036.t017	d001.s036.t017	bn:00082233v	bn:00092823v					
d001.s036.t018	d001.s036.t018	bn:00077268n						
d001.s036.t020	d001.s036.t020	bn:00030811n	bn:03155178n	bn:03512504n	wiki:sopravvivenza			
d001.s036.t022	d001.s036.t022	bn:00106124a						
d001.s036.t024	d001.s036.t024	bn:00084532v						
d001.s036.t026	d001.s036.t026	bn:00602447n						
d001.s036.t029	d001.s036.t029	bn:00084532v						
d001.s037.t023	d001.s037.t023	bn:08534138n						
d001.s037.t026	d001.s037.t026	bn:03099895n	bn:03466887n	wiki:calcolatrice_(mac_os)	wiki:calcolatrice_(windows)			
d001.s037.t027	d001.s037.t027	bn:00106488a						
d001.s037.t028	d001.s037.t028	bn:00083141v						
d001.s037.t030	d001.s037.t030	bn:00048027n	bn:00049910n	wiki:gergo	wiki:linguaggio			
d001.s037.t031	d001.s037.t031	bn:03313895n	wiki:mathml					
d001.s038.t002	d001.s038.t002	bn:00082225v	bn:00087107v	bn:00087823v				
d001.s038.t003	d001.s038.t003	bn:00101973a						
d001.s038.t004	d001.s038.t004	bn:00053826n	bn:00059128n					
d001.s038.t006	d001.s038.t006	bn:00097495a						
d001.s038.t008	d001.s038.t008	bn:00106117a						
d001.s038.t011	d001.s038.t011	bn:03313895n	wiki:mathml					
d001.s038.t014	d001.s038.t014	bn:00086611v						
d001.s038.t015	d001.s038.t015	bn:00017904n	bn:00041412n	bn:00063050n	wiki:diagramma	wiki:grafico_di_una_funzione		
d001.s038.t016	d001.s038.t016	bn:00780722n	wiki:bidimensionalità					
d001.s038.t018	d001.s038.t018	bn:01656647n	wiki:3d					
d001.s039.t001	d001.s039.t001	bn:00116360r						
d001.s039.t003	d001.s039.t003	bn:00104964a	bn:00107182a	bn:00107194a				
d001.s039.t004	d001.s039.t004	bn:00090141v	bn:00090143v					
d001.s039.t005	d001.s039.t005	bn:03313895n	wiki:mathml					
d001.s039.t007	d001.s039.t007	bn:00082705v	bn:00082711v					
d001.s039.t008	d001.s039.t008	bn:08534138n						
d001.s039.t010	d001.s039.t010	bn:08534138n						
d001.s039.t013	d001.s039.t013	bn:03099895n	bn:03466887n	wiki:calcolatrice_(mac_os)	wiki:calcolatrice_(windows)			
d001.s039.t013	d001.s039.t014	bn:02710162n						
d001.s039.t015	d001.s039.t015	bn:00083141v						
d001.s039.t017	d001.s039.t017	bn:00048027n	bn:00049910n	wiki:gergo	wiki:linguaggio			
d001.s039.t018	d001.s039.t018	bn:03313895n	wiki:mathml					
d001.s040.t003	d001.s040.t003	bn:00114055r						
d001.s040.t005	d001.s040.t005	bn:00082489v						
d001.s040.t007	d001.s040.t007	bn:00030627n	bn:00036822n					
d001.s040.t008	d001.s040.t008	bn:00082705v						
d001.s040.t009	d001.s040.t009	bn:03313895n	wiki:mathml					
d001.s040.t013	d001.s040.t013	bn:00082705v	bn:00082711v					
d001.s040.t018	d001.s040.t018	bn:00052194n						
d001.s040.t020	d001.s040.t020	bn:00007498n	bn:00020452n	bn:00049376n	wiki:conoscenza	wiki:consapevolezza	wiki:coscienza_(psicologia)	wiki:know-how
d001.s040.t021	d001.s040.t021	bn:00106488a						
d001.s041.t001	d001.s041.t001	bn:00045772n	wiki:immagine					
d001.s041.t003	d001.s041.t003	bn:00081292n	wiki:finestra_(informatica)					
d001.s041.t004	d001.s041.t004	bn:00099598a	bn:00106332a					
d001.s041.t006	d001.s041.t006	bn:08534138n						
d001.s041.t007	d001.s041.t007	bn:00081292n	wiki:finestra_(informatica)					
d001.s041.t008	d001.s041.t008	bn:00099598a	bn:00106332a					
d001.s041.t010	d001.s041.t010	bn:08534138n						
d001.s041.t012	d001.s041.t012	bn:00081292n	wiki:finestra_(informatica)					
d001.s041.t013	d001.s041.t013	bn:00099598a	bn:00106332a					
d001.s041.t015	d001.s041.t015	bn:08534138n						
d001.s041.t017	d001.s041.t017	bn:00085487v						
d001.s041.t020	d001.s041.t020	bn:00120018n	wiki:navigazione_a_schede					
d001.s041.t021	d001.s041.t021	bn:00019751n	bn:00020949n	bn:00022002n	wiki:interfaccia_a_riga_di_comando			
d001.s041.t024	d001.s041.t024	bn:00120018n	wiki:navigazione_a_schede					
d001.s041.t025	d001.s041.t025	bn:00780722n	wiki:bidimensionalità					
d001.s041.t028	d001.s041.t028	bn:00120018n	wiki:navigazione_a_schede					
d001.s041.t029	d001.s041.t029	bn:01656647n	wiki:3d					
d001.s041.t032	d001.s041.t032	bn:00120018n	wiki:navigazione_a_schede					
d001.s041.t033	d001.s041.t033	bn:00026967n	wiki:dizionario					
d001.s042.t003	d001.s042.t003	bn:00120018n	wiki:navigazione_a_schede					
d001.s042.t005	d001.s042.t005	bn:00088204v						
d001.s042.t007	d001.s042.t007	bn:00034274n	wiki:campo_(informatica)					
d001.s042.t011	d001.s042.t011	bn:00093281v	bn:00095847v					
d001.s042.t013	d001.s042.t013	bn:00036821n	wiki:funzione_(matematica)	wiki:mappa_(matematica)				
d001.s042.t015	d001.s042.t015	bn:00085334v	bn:00087106v	bn:00087107v	bn:00087108v			
d001.s042.t016	d001.s042.t016	bn:00014688n	bn:00014689n	wiki:calcolo_(matematica)				
d001.s043.t002	d001.s043.t002	bn:00086682v	bn:00095802v					
d001.s043.t003	d001.s043.t003	bn:00082727v	bn:00084681v	bn:00095375v				
d001.s043.t005	d001.s043.t005	bn:00088629v						
d001.s043.t008	d001.s043.t008	bn:00076919n	bn:00076924n					
d001.s043.t009	d001.s043.t009	bn:00098274a						
d001.s043.t011	d001.s043.t011	bn:00085334v	bn:00087106v	bn:00087107v	bn:00087108v			
d001.s043.t013	d001.s043.t013	bn:00082727v	bn:00092443v	bn:00095375v				
d001.s043.t018	d001.s043.t018	bn:00087594v	bn:00087681v					
d001.s043.t020	d001.s043.t020	bn:00084772v	bn:00084785v	bn:00085761v				
d001.s043.t022	d001.s043.t022	bn:03313895n	wiki:mathml					
d001.s043.t028	d001.s043.t028	bn:00104964a	bn:00107182a	bn:00107194a				
d001.s043.t029	d001.s043.t029	bn:00090141v	bn:00090143v					
d001.s043.t030	d001.s043.t030	bn:03313895n	wiki:mathml					
d001.s044.t002	d001.s044.t002	bn:00083141v						
d001.s044.t004	d001.s044.t004	bn:02561609n	wiki:sintassi_(informatica)					
d001.s044.t005	d001.s044.t005	bn:00116297r						
d001.s044.t007	d001.s044.t007	bn:00021164n	wiki:senso_comune					
d001.s044.t007	d001.s044.t008	bn:00021164n	wiki:senso_comune					
d001.s044.t008	d001.s044.t008	bn:00100090a	bn:00100091a	bn:00100093a				
d001.s044.t014	d001.s044.t014	bn:00101358a						
d001.s045.t002	d001.s045.t002	bn:00088817v						
d001.s045.t004	d001.s045.t004	bn:00023260n						
d001.s045.t006	d001.s045.t006	bn:02561609n	wiki:sintassi_(informatica)					
d001.s045.t008	d001.s045.t008	bn:03857246n	wiki:maxima					
d001.s045.t011	d001.s045.t011	bn:03668936n	wiki:maple					
d001.s045.t014	d001.s045.t014	bn:00001965n	bn:00081410n					
d001.s045.t017	d001.s045.t017	bn:00115313r	bn:00116771r	bn:00117174r				
d001.s045.t018	d001.s045.t018	bn:00096782a	bn:00110647a					
d001.s045.t025	d001.s045.t025	bn:00001296n	wiki:addizione	wiki:sommatoria				
d001.s045.t027	d001.s045.t027	bn:00055233n	wiki:più	wiki:sottrazione				
d001.s045.t029	d001.s045.t029	bn:00056300n	wiki:moltiplicazione	wiki:per_(matematica)				
d001.s045.t031	d001.s045.t031	bn:00027919n	wiki:divisione_(matematica)					
d001.s045.t037	d001.s045.t039	bn:00032362n	wiki:potenza_(matematica)					
d001.s045.t039	d001.s045.t039	bn:00032355n	bn:00032362n	wiki:potenza_(matematica)				
d001.s045.t042	d001.s045.t042	bn:00082705v	bn:00082711v					
d001.s046.t003	d001.s046.t003	bn:00108829a						
d001.s046.t004	d001.s046.t004	bn:00082705v	bn:00082711v					
d001.s046.t007	d001.s046.t007	bn:02529895n	wiki:unicode					
d001.s047.t003	d001.s047.t005	bn:00032362n	wiki:potenza_(matematica)					
d001.s047.t005	d001.s047.t005	bn:00032355n	bn:00032362n	wiki:potenza_(matematica)				
d001.s047.t008	d001.s047.t008	bn:00108829a						
d001.s047.t009	d001.s047.t009	bn:00082225v						
d001.s047.t010	d001.s047.t010	bn:00068247n	bn:09064533n	wiki:radice_(simbolo)				
d001.s047.t015	d001.s047.t015	bn:00001965n	bn:00081410n					
d001.s047.t017	d001.s047.t017	bn:00086464v	bn:00094113v					
d001.s047.t019	d001.s047.t019	bn:00079583n	wiki:variabile_(informatica)					
d001.s047.t023	d001.s047.t023	bn:00036821n	wiki:funzione_(matematica)	wiki:mappa_(matematica)				
d001.s047.t028	d001.s047.t028	bn:00082705v	bn:00082711v					
d001.s047.t030	d001.s047.t030	bn:00086464v	bn:00094113v					
d001.s047.t032	d001.s047.t032	bn:00064072n						
d001.s047.t034	d001.s047.t034	bn:00104162a						
d001.s047.t040	d001.s047.t040	bn:00003792n						
d001.s047.t041	d001.s047.t041	bn:00088204v						
d001.s047.t043	d001.s047.t043	bn:00036821n	wiki:funzione_(matematica)	wiki:mappa_(matematica)				
d001.s047.t045	d001.s047.t045	bn:00082812v	bn:00084849v					
d001.s047.t052	d001.s047.t052	bn:00059141n	bn:03744320n	wiki:operatore_(informatica)	wiki:operatore_(matematica)			
d001.s048.t006	d001.s048.t006	bn:00087116v	bn:00092032v					
d001.s048.t009	d001.s048.t009	bn:00059141n	bn:03744320n	wiki:operatore_(informatica)	wiki:operatore_(matematica)			
d001.s048.t016	d001.s048.t016	bn:00087116v	bn:00092032v					
d001.s048.t019	d001.s048.t019	bn:00036821n	wiki:funzione_(matematica)	wiki:mappa_(matematica)				
d001.s048.t020	d001.s048.t020	bn:00079373n	wiki:utente					
d001.s048.t025	d001.s048.t025	bn:00082705v	bn:00082711v					
d001.s048.t027	d001.s048.t027	bn:00086466v						
d001.s048.t029	d001.s048.t029	bn:00079508n	bn:02743888n	wiki:valore_(informatica)				
d001.s048.t032	d001.s048.t032	bn:00079583n	wiki:variabile_(informatica)					
d001.s048.t036	d001.s048.t036	bn:00025928n	wiki:definizione					
d001.s048.t038	d001.s048.t038	bn:00021645n						
d001.s048.t039	d001.s048.t039	bn:00086466v						
d001.s048.t040	d001.s048.t041	bn:03132721n						
d001.s049.t002	d001.s049.t002	bn:00025928n	wiki:definizione					
d001.s049.t004	d001.s049.t005	bn:03132721n						
d001.s049.t009	d001.s049.t009	bn:00001965n	bn:00081410n					
d001.s049.t013	d001.s049.t013	bn:00086466v						
d001.s049.t014	d001.s049.t014	bn:00053826n	bn:00059128n					
d001.s049.t015	d001.s049.t015	bn:00100214a						
d001.s049.t017	d001.s049.t017	bn:08534138n						
d001.s050.t002	d001.s050.t002	bn:00087594v						
d001.s050.t004	d001.s050.t004	bn:00019220n	bn:00021644n	bn:00021645n				
d001.s050.t005	d001.s050.t005	bn:00103006a						
d001.s050.t012	d001.s050.t012	bn:00019220n	bn:00021644n	bn:00021645n				
d001.s050.t014	d001.s050.t014	bn:00082705v	bn:00082711v					
d001.s050.t018	d001.s050.t018	bn:00112146a						
d001.s050.t021	d001.s050.t021	bn:00088204v						
d001.s050.t027	d001.s050.t027	bn:00019220n	bn:00021644n	bn:00021645n				
d001.s050.t030	d001.s050.t030	bn:00082705v						
d001.s050.t032	d001.s050.t032	bn:00105740a						
d001.s050.t033	d001.s050.t033	bn:00003132n						
d001.s050.t038	d001.s050.t038	bn:03305154n	wiki:oggetto_container					
d001.s050.t039	d001.s050.t039	bn:03313895n	wiki:mathml					
d001.s050.t043	d001.s050.t043	bn:00082705v						
d001.s050.t045	d001.s050.t045	bn:00086466v						
d001.s050.t047	d001.s050.t047	bn:03305154n	wiki:oggetto_container					
d001.s051.t002	d001.s051.t002	bn:00114714r						
d001.s051.t005	d001.s051.t005	bn:00036821n	wiki:funzione_(matematica)	wiki:mappa_(matematica)				
d001.s051.t006	d001.s051.t006	bn:00086466v						
d001.s051.t007	d001.s051.t008	bn:03132721n						
d001.s052;d001.s053.t001	d001.s052;d001.s053.t001	bn:00114424r	bn:00116383r					
d001.s052;d001.s053.t003	d001.s052;d001.s053.t003	bn:00082817v	bn:00087656v	bn:00092265v				
d001.s052;d001.s053.t007	d001.s052;d001.s053.t007	bn:00022095n	bn:00079373n	wiki:consumatore	wiki:utente			
d001.s052;d001.s053.t009	d001.s052;d001.s053.t009	bn:00090141v	bn:00090143v					
d001.s052;d001.s053.t010	d001.s052;d001.s053.t010	bn:03313895n	wiki:mathml					
d001.s052;d001.s053.t012	d001.s052;d001.s053.t012	bn:00101973a						
d001.s052;d001.s053.t016	d001.s052;d001.s053.t016	bn:03313895n	wiki:mathml					
d001.s052;d001.s053.t018	d001.s052;d001.s053.t018	bn:00088629v						
d001.s052;d001.s053.t020	d001.s052;d001.s053.t020	bn:00036821n	wiki:funzione_(matematica)	wiki:mappa_(matematica)				
d001.s052;d001.s053.t022	d001.s052;d001.s053.t022	bn:00022956n	wiki:funzione_trigonometrica					
d001.s052;d001.s053.t024	d001.s052;d001.s053.t024	bn:00071709n	wiki:seno_(matematica)					
d001.s052;d001.s053.t027	d001.s052;d001.s053.t027	bn:00097285a						
d001.s052;d001.s053.t029	d001.s052;d001.s053.t029	bn:00036821n	wiki:funzione_(matematica)	wiki:mappa_(matematica)				
d001.s052;d001.s053.t029	d001.s052;d001.s053.t030	bn:00019189n	wiki:funzione_trigonometrica					
d001.s052;d001.s053.t030	d001.s052;d001.s053.t030	bn:00112111a						
d001.s052;d001.s053.t033	d001.s052;d001.s053.t033	bn:00001296n	wiki:addizione	wiki:sommatoria				
d001.s052;d001.s053.t035	d001.s052;d001.s053.t035	bn:00053827n						
d001.s054.t002	d001.s054.t002	bn:00085860v	bn:00089815v					
d001.s054.t004	d001.s054.t004	bn:00035907n	bn:00078798n					
d001.s054.t006	d001.s054.t006	bn:00036821n	wiki:funzione_(matematica)	wiki:mappa_(matematica)				
d001.s055.t002	d001.s055.t002	bn:00082705v						
d001.s055.t003	d001.s055.t003	bn:00001296n	wiki:addizione	wiki:sommatoria				
d001.s055.t005	d001.s055.t005	bn:00056300n	wiki:moltiplicazione	wiki:per_(matematica)				
d001.s055.t008	d001.s055.t008	bn:00076924n						
d001.s055.t010	d001.s055.t010	bn:00088078v						
d001.s055.t012	d001.s055.t012	bn:00059141n	bn:03744320n	wiki:operatore_(informatica)	wiki:operatore_(matematica)			
d001.s055.t015	d001.s055.t015	bn:00019751n	bn:00020949n	bn:00022002n	wiki:interfaccia_a_riga_di_comando			
d001.s055.t017	d001.s055.t017	bn:08534138n						
d001.s055.t019	d001.s055.t019	bn:00104094a	bn:00113455a					
d001.s055.t021	d001.s055.t021	bn:03099895n	wiki:calcolatrice_(mac_os)					
d001.s056.t004	d001.s056.t004	bn:00051508n						
d001.s056.t006	d001.s056.t006	bn:00079583n	wiki:variabile_(informatica)					
d001.s057.t001	d001.s057.t003	bn:00625364n						
d001.s057.t002	d001.s057.t002	bn:00101724a						
d001.s057.t002	d001.s057.t003	bn:00625364n						
d001.s057.t009	d001.s057.t009	bn:00084662v	bn:00093430v					
d001.s057.t011	d001.s057.t011	bn:00081292n	wiki:finestra_(informatica)					
d001.s057.t011	d001.s057.t013	bn:00026837n	wiki:dialog_box					
d001.s057.t016	d001.s057.t016	bn:00082536v	bn:00087587v					
d001.s057.t018	d001.s057.t018	bn:00082553v	bn:00095090v					
d001.s057.t020	d001.s057.t020	bn:00079508n	bn:02743888n	wiki:valore_(informatica)				
d001.s057.t023	d001.s057.t023	bn:00001965n	bn:00081410n					
d001.s057.t027	d001.s057.t027	bn:03986055n	wiki:log					
d001.s058.t001	d001.s058.t001	bn:00096798a	bn:00101929a	bn:00102466a				
d001.s058.t002	d001.s058.t002	bn:00019848n						
d001.s058.t004	d001.s058.t004	bn:00087594v	bn:00087681v					
d001.s058.t006	d001.s058.t006	bn:00032395n	bn:03834028n	wiki:espressione_(informatica)	wiki:espressione_aritmetica	wiki:formula		
d001.s058.t009	d001.s058.t009	bn:00079508n	bn:02743888n	wiki:valore_(informatica)				
d001.s058.t011	d001.s058.t011	bn:00079583n	wiki:variabile_(informatica)					
d001.s058.t016	d001.s058.t016	bn:00082553v	bn:00095090v					
d001.s058.t018	d001.s058.t018	bn:00105739a	bn:00105740a					
d001.s058.t019	d001.s058.t019	bn:00034520n						
d001.s059.t001	d001.s059.t001	bn:00020947n	wiki:control_(tasto)					
d001.s059.t002	d001.s059.t002	bn:00056688n	wiki:n					
d001.s060.t001	d001.s060.t001	bn:00085059v						
d001.s060.t003	d001.s060.t003	bn:00019751n	bn:00022002n	wiki:interfaccia_a_riga_di_comando				
d001.s061.t001	d001.s061.t001	bn:00020947n	wiki:control_(tasto)					
d001.s061.t002	d001.s061.t002	bn:00014379n	wiki:c					
d001.s061.t003	d001.s061.t003	bn:00090416v						
d001.s061.t004	d001.s061.t004	bn:03932262n	wiki:script					
d001.s062.t001	d001.s062.t001	bn:00082225v	bn:00087107v	bn:00087823v				
d001.s062.t003	d001.s062.t003	bn:00020945n	bn:04591077n	bn:09399470n	bn:09532430n	wiki:istruzione_(informatica)		
d001.s062.t004	d001.s062.t004	bn:00108978a						
d001.s062.t007	d001.s062.t007	bn:00021475n	wiki:file					
d001.s063.t002	d001.s063.t002	bn:00100490a	bn:00100493a					
d001.s063.t003	d001.s063.t003	bn:00054625n						
d001.s063.t005	d001.s063.t005	bn:00086009v	bn:00088480v					
d001.s063.t007	d001.s063.t007	bn:00050969n	wiki:libreria_(software)					
d001.s063.t010	d001.s063.t010	bn:00092413v						
d001.s063.t012	d001.s063.t012	bn:00049573n	bn:00081568n	wiki:progetto				
d001.s063.t013	d001.s063.t013	bn:00082149v	bn:00083995v					
d001.s063.t015	d001.s063.t015	bn:00004489n						
d001.s064.t001	d001.s064.t001	bn:00020947n	wiki:control_(tasto)					
d001.s064.t002	d001.s064.t002	bn:00068673n	wiki:s					
d001.s064.t004	d001.s064.t004	bn:03932262n	wiki:script					
d001.s065.t003	d001.s065.t003	bn:00020945n	bn:04591077n	bn:09399470n	bn:09532430n	wiki:istruzione_(informatica)		
d001.s065.t004	d001.s065.t004	bn:00082225v	bn:00087107v	bn:00087823v				
d001.s065.t006	d001.s065.t006	bn:00046275n	bn:00073989n	bn:00074002n				
d001.s065.t008	d001.s065.t008	bn:03751534n	wiki:sessione					
d001.s065.t010	d001.s065.t010	bn:00001965n	bn:00081410n					
d001.s065.t013	d001.s065.t013	bn:00092558v						
d001.s066.t001	d001.s066.t001	bn:00084080v						
d001.s066.t002	d001.s066.t002	bn:00021475n	wiki:file					
d001.s066.t002	d001.s066.t004	bn:00028018n	wiki:file_di_testo					
d001.s066.t004	d001.s066.t004	bn:00076732n	bn:01848600n	bn:09398162n	wiki:testo			
d001.s066.t004	d001.s066.t005	bn:01848600n						
d001.s066.t005	d001.s066.t005	bn:00101973a						
d001.s066.t009	d001.s066.t009	bn:00108829a						
d001.s066.t010	d001.s066.t010	bn:00082553v	bn:00095090v					
d001.s066.t011	d001.s066.t011	bn:00082705v						
d001.s066.t013	d001.s066.t013	bn:00097285a						
d001.s066.t014	d001.s066.t014	bn:00076736n	wiki:editor_(informatica)					
d001.s066.t014	d001.s066.t016	bn:00076736n	wiki:editor_(informatica)					
d001.s066.t016	d001.s066.t016	bn:00076732n	bn:01848600n	bn:09398162n	wiki:testo			
d001.s066.t019	d001.s066.t019	bn:03628723n	wiki:kate					
d001.s067.t001	d001.s067.t001	bn:00020947n	wiki:control_(tasto)					
d001.s067.t002	d001.s067.t002	bn:00049538n	wiki:l					
d001.s067.t004	d001.s067.t004	bn:03986055n	wiki:log					
d001.s068.t003	d001.s068.t003	bn:03986055n	wiki:log					
d001.s068.t007	d001.s068.t007	bn:00034520n						
d001.s068.t009	d001.s068.t009	bn:00021475n	wiki:file					
d001.s068.t010	d001.s068.t010	bn:00045087n	wiki:html					
d001.s068.t014	d001.s068.t014	bn:00092023v						
d001.s069.t001	d001.s069.t001	bn:00020947n	wiki:control_(tasto)					
d001.s069.t002	d001.s069.t002	bn:00065472n	wiki:q					
d001.s069.t003	d001.s069.t003	bn:00084710v						
d001.s070.t001	d001.s070.t001	bn:00085170v						
d001.s070.t003	d001.s070.t003	bn:00021492n	wiki:programma_(informatica)					
d001.s071.t002	d001.s071.t002	bn:00082317v	bn:00082324v					
d001.s071.t004	d001.s071.t004	bn:00103328a	bn:00107269a					
d001.s071.t005	d001.s071.t005	bn:00017904n	bn:00041412n	bn:00063050n	wiki:diagramma	wiki:grafico_di_una_funzione		
d001.s071.t006	d001.s071.t006	bn:00780722n	wiki:bidimensionalità					
d001.s071.t008	d001.s071.t008	bn:08534138n						
d001.s071.t011	d001.s071.t011	bn:00088913v						
d001.s071.t013	d001.s071.t013	bn:00120018n	wiki:navigazione_a_schede					
d001.s071.t014	d001.s071.t014	bn:00017904n	bn:00041412n	bn:00063050n	wiki:diagramma	wiki:grafico_di_una_funzione		
d001.s071.t015	d001.s071.t015	bn:00780722n	wiki:bidimensionalità					
d001.s071.t020	d001.s071.t020	bn:00120018n	wiki:navigazione_a_schede					
d001.s071.t023	d001.s071.t023	bn:00082317v	bn:00082324v					
d001.s071.t025	d001.s071.t025	bn:00103328a	bn:00107269a					
d001.s071.t026	d001.s071.t026	bn:00036821n	wiki:funzione_(matematica)	wiki:mappa_(matematica)				
d001.s072.t003	d001.s072.t003	bn:00082306v						
d001.s072.t005	d001.s072.t005	bn:00012528n						
d001.s072.t005	d001.s072.t007	bn:03113401n	wiki:text_box					
d001.s072.t007	d001.s072.t007	bn:00076732n	bn:01848600n	bn:09398162n	wiki:testo			
d001.s072.t010	d001.s072.t010	bn:00093281v	bn:00095847v					
d001.s072.t012	d001.s072.t012	bn:00036821n	wiki:funzione_(matematica)	wiki:mappa_(matematica)				
d001.s073.t002	d001.s073.t002	bn:00086682v	bn:00095802v					
d001.s073.t003	d001.s073.t003	bn:00082705v						
d001.s073.t005	d001.s073.t005	bn:00112216a						
d001.s073.t006	d001.s073.t006	bn:00036821n	wiki:funzione_(matematica)	wiki:mappa_(matematica)				
d001.s073.t007	d001.s073.t007	bn:00036821n	wiki:funzione_(matematica)	wiki:mappa_(matematica)				
d001.s073.t010	d001.s073.t010	bn:00104964a	bn:00107182a	bn:00107194a				
d001.s073.t011	d001.s073.t011	bn:00086464v	bn:00094113v					
d001.s074.t003	d001.s074.t003	bn:00087594v	bn:00087681v					
d001.s074.t005	d001.s074.t005	bn:00036821n	wiki:funzione_(matematica)	wiki:mappa_(matematica)				
d001.s074.t006	d001.s074.t006	bn:00091986v						
d001.s074.t007	d001.s074.t007	bn:00058395n	wiki:okay					
d001.s074.t009	d001.s074.t009	bn:00087013v						
d001.s074.t011	d001.s074.t011	bn:00017904n	bn:00041412n	bn:00063050n	wiki:diagramma	wiki:grafico_di_una_funzione		
d001.s074.t013	d001.s074.t013	bn:00081292n	wiki:finestra_(informatica)					
d001.s074.t014	d001.s074.t014	bn:00099598a	bn:00106332a					
d001.s075.t002	d001.s075.t002	bn:00088078v						
d001.s075.t004	d001.s075.t004	bn:00017904n	bn:00041412n	bn:00063050n	wiki:diagramma	wiki:grafico_di_una_funzione		
d001.s075.t006	d001.s075.t006	bn:00104506a	bn:00110075a					
d001.s076.t001	d001.s076.t001	bn:00082705v						
d001.s076.t003	d001.s076.t003	bn:03843242n	wiki:command_button					
d001.s076.t006	d001.s076.t006	bn:01622345n						
d001.s076.t008	d001.s076.t008	bn:00051508n						
d001.s077.t002	d001.s077.t002	bn:00093518v						
d001.s077.t004	d001.s077.t004	bn:00101348a						
d001.s077.t005	d001.s077.t005	bn:00020726n	wiki:colore					
d001.s077.t007	d001.s077.t007	bn:00096798a	bn:00101929a	bn:00102466a				
d001.s077.t008	d001.s077.t008	bn:00017904n	bn:00041412n	bn:00063050n	wiki:diagramma	wiki:grafico_di_una_funzione		
d001.s079.t002	d001.s079.t002	bn:00082907v						
d001.s079.t005	d001.s079.t005	bn:00047203n	bn:00067199n					
d001.s079.t007	d001.s079.t007	bn:00099598a	bn:00101687a	bn:00106332a				
d001.s079.t008	d001.s079.t008	bn:00016734n	bn:00072856n					
d001.s079.t009	d001.s079.t009	bn:00100197a						
d001.s079.t014	d001.s079.t014	bn:00086342v	bn:00086942v					
d001.s079.t019	d001.s079.t019	bn:00036822n	bn:00068130n	wiki:ruolo_(sociologia)				
d001.s079.t021	d001.s079.t021	bn:00001177n						
d001.s079.t022	d001.s079.t022	bn:00048986n						
d001.s079.t024	d001.s079.t024	bn:00109211a						
d001.s079.t025	d001.s079.t025	bn:00001961n	bn:00007300n	bn:00007301n	wiki:agenzia_(diritto_pubblico)	wiki:autorità	wiki:ufficio_(locale)	
d001.s079.t027	d001.s079.t027	bn:00071432n						
d001.s079.t027	d001.s079.t028	bn:01623772n						
d001.s079.t028	d001.s079.t028	bn:00110842a	bn:00110844a					
d001.s079.t030	d001.s079.t030	bn:00059480n	bn:00059483n	bn:04094324n	wiki:organizzazione	wiki:organizzazione_aziendale		
d001.s079.t030	d001.s079.t032	bn:00006539n	wiki:associazione_(diritto)					
d001.s079.t032	d001.s079.t032	bn:02438777n	wiki:volontariato					
d001.s079.t036	d001.s079.t036	bn:00022095n	bn:00079373n	wiki:consumatore	wiki:utente			
d001.s079.t038	d001.s079.t038	bn:00070651n	bn:00070677n	wiki:servizio				
d001.s080.t003	d001.s080.t003	bn:00082475v						
d001.s080.t005	d001.s080.t005	bn:00026107n	bn:00057164n	wiki:bisogno				
d001.s080.t008	d001.s080.t008	bn:00062795n	wiki:piano_(strategia)					
d001.s080.t010	d001.s080.t010	bn:00104238a						
d001.s080.t016	d001.s080.t016	bn:00032656n	bn:00042904n	wiki:happening				
d001.s080.t019	d001.s080.t019	bn:00022095n	bn:00079373n	wiki:consumatore	wiki:utente			
d001.s080.t021	d001.s080.t021	bn:00083413v						
d001.s080.t024	d001.s080.t024	bn:00070651n	wiki:servizio					
d001.s080.t026	d001.s080.t026	bn:00019967n	bn:00064476n					
d001.s080.t031	d001.s080.t031	bn:00021394n	bn:00047730n					
d001.s080.t034	d001.s080.t034	bn:00051045n	bn:00051046n	bn:00051047n				
d001.s080.t034	d001.s080.t035	bn:02021819n						
d001.s080.t035	d001.s080.t035	bn:00100875a	bn:00102469a					
d001.s081.t004	d001.s081.t004	bn:00082206v	bn:00094538v					
d001.s081.t007	d001.s081.t007	bn:00066141n						
d001.s081.t010	d001.s081.t010	bn:00101347a						
d001.s082.t001	d001.s082.t001	bn:00117321r						
d001.s082.t003	d001.s082.t003	bn:00011638n	bn:00021015n	wiki:comitato_(collegio)				
d001.s082.t003	d001.s082.t004	bn:03895618n	wiki:commissione_europea					
d001.s082.t004	d001.s082.t004	bn:00102440a						
d001.s082.t007	d001.s082.t007	bn:00055180n	bn:03743591n	wiki:dicastero				
d001.s082.t009	d001.s082.t010	bn:00072552n	wiki:assistente_sociale					
d001.s082.t010	d001.s082.t010	bn:00110842a	bn:00110844a					
d001.s082.t011	d001.s082.t011	bn:00110978a						
d001.s082.t014	d001.s082.t014	bn:00007299n	bn:00032180n	wiki:governo	wiki:potere_esecutivo	wiki:regime_(politica)		
d001.s082.t014	d001.s082.t015	bn:00001430n	wiki:circoscrizione					
d001.s082.t015	d001.s082.t015	bn:00109624a						
d001.s082.t017	d001.s082.t017	bn:00037072n	wiki:galizia_(spagna)					
d001.s082.t020	d001.s082.t020	bn:00031641n	bn:00036064n	bn:00366263n				
d001.s082.t022	d001.s082.t022	bn:00082778v	bn:00086753v					
d001.s082.t024	d001.s082.t024	bn:00021721n						
d001.s082.t025	d001.s082.t025	bn:00102440a						
d001.s082.t027	d001.s082.t027	bn:00043267n	bn:00074900n					
d001.s082.t028	d001.s082.t028	bn:00053403n	wiki:esclusione_sociale					
d001.s082.t028	d001.s082.t029	bn:00053403n	wiki:esclusione_sociale					
d001.s082.t029	d001.s082.t029	bn:00110842a	bn:00110844a					
d001.s082.t032	d001.s082.t032	bn:00103780a	bn:00106333a					
d001.s082.t033	d001.s082.t033	bn:00017557n						
d001.s082.t036	d001.s082.t036	bn:00070651n	bn:00070677n	wiki:servizio				
d001.s082.t037	d001.s082.t037	bn:00109211a						
d001.s082.t039	d001.s082.t039	bn:00002155n	bn:00055177n	wiki:aiuti_umanitari				
d001.s083.t001	d001.s083.t001	bn:00116085r						
d001.s083.t003	d001.s083.t003	bn:00031641n	bn:00036064n	bn:00366263n				
d001.s083.t005	d001.s083.t005	bn:00084099v	bn:00092123v					
d001.s083.t008	d001.s083.t008	bn:00071869n						
d001.s083.t010	d001.s083.t010	bn:00062759n						
d001.s083.t014	d001.s083.t014	bn:00049573n	bn:00067181n	bn:00074790n	wiki:progetto	wiki:report_informativo		
d001.s083.t015	d001.s083.t015	bn:00100121a						
d001.s083.t017	d001.s083.t017	bn:00087763v						
d001.s083.t019	d001.s083.t019	bn:00032425n						
d001.s083.t023	d001.s083.t023	bn:00030844n						
d001.s083.t024	d001.s083.t024	bn:00101412a	bn:00101413a					
d001.s083.t028	d001.s083.t028	bn:00014138n	bn:00030616n	bn:00030625n	wiki:rapporto_di_lavoro			
d001.s083.t029	d001.s083.t029	bn:00082573v						
d001.s083.t031	d001.s083.t031	bn:00104506a	bn:00110075a					
d001.s083.t032	d001.s083.t032	bn:00077269n						
d001.s083.t034	d001.s083.t034	bn:00037027n	bn:08930044n	wiki:redditività				
d001.s084.t002	d001.s084.t002	bn:00049573n	bn:00067181n	bn:00074790n	wiki:progetto	wiki:report_informativo		
d001.s084.t004	d001.s084.t004	bn:00083141v						
d001.s084.t007	d001.s084.t007	bn:00047238n	wiki:intervista					
d001.s084.t008	d001.s084.t008	bn:00108488a	bn:00108489a					
d001.s084.t011	d001.s084.t011	bn:00014158n	bn:00027367n	bn:00032179n	wiki:dirigente			
d001.s084.t013	d001.s084.t013	bn:00060837n	bn:00071432n					
d001.s084.t013	d001.s084.t014	bn:01623772n						
d001.s084.t014	d001.s084.t014	bn:00110842a	bn:00110844a					
d001.s084.t017	d001.s084.t017	bn:00001964n	bn:08945433n	wiki:rappresentanza	wiki:rappresentanza_(filosofia_politica)			
d001.s084.t019	d001.s084.t019	bn:00099598a	bn:00101687a	bn:00106332a				
d001.s084.t020	d001.s084.t020	bn:00059480n	bn:00059483n	bn:04094324n	wiki:organizzazione	wiki:organizzazione_aziendale		
d001.s084.t021	d001.s084.t021	bn:00107136a	bn:00107137a	bn:00107138a				
d001.s084.t023	d001.s084.t023	bn:00095923a						
d001.s084.t024	d001.s084.t024	bn:00011771n	wiki:stato					
d001.s084.t024	d001.s084.t025	bn:00031903n						
d001.s084.t025	d001.s084.t025	bn:00102440a						
d001.s085.t002	d001.s085.t002	bn:00046575n	bn:00070206n					
d001.s085.t002	d001.s085.t003	bn:00663898n	bn:01897962n	wiki:settore_secondario				
d001.s085.t003	d001.s085.t003	bn:00104995a						
d001.s085.t005	d001.s085.t005	bn:00000639n						
d001.s085.t009	d001.s085.t009	bn:00089660v	bn:00089662v					
d001.s085.t012	d001.s085.t012	bn:00046575n	bn:00046576n	wiki:industria				
d001.s085.t012	d001.s085.t013	bn:00054564n	wiki:metallurgia					
d001.s085.t013	d001.s085.t013	bn:00106654a						
d001.s085.t016	d001.s085.t016	bn:00046575n	bn:00070206n					
d001.s085.t016	d001.s085.t017	bn:00008415n						
d001.s086.t002	d001.s086.t002	bn:00099598a	bn:00101687a	bn:00106332a				
d001.s086.t003	d001.s086.t003	bn:00059275n	bn:00073170n					
d001.s086.t005	d001.s086.t005	bn:00019218n						
d001.s086.t007	d001.s086.t007	bn:00021721n						
d001.s086.t009	d001.s086.t009	bn:00053403n	wiki:esclusione_sociale					
d001.s086.t009	d001.s086.t010	bn:00053403n	wiki:esclusione_sociale					
d001.s086.t010	d001.s086.t010	bn:00110842a	bn:00110844a					
d001.s086.t013	d001.s086.t013	bn:00050521n						
d001.s086.t015	d001.s086.t015	bn:00067808n						
d001.s086.t021	d001.s086.t021	bn:00011651n	bn:00053116n					
d001.s086.t025	d001.s086.t025	bn:00030616n	wiki:rapporto_di_lavoro					
d001.s086.t028	d001.s086.t028	bn:00025569n	bn:00045161n	wiki:relazione_interpersonale				
d001.s086.t028	d001.s086.t029	bn:01869079n	bn:08898118n	wiki:relazioni_industriali				
d001.s086.t029	d001.s086.t029	bn:00104995a						
d001.s086.t032	d001.s086.t033	bn:00072552n	wiki:assistente_sociale					
d001.s086.t033	d001.s086.t033	bn:00110842a	bn:00110844a					
d001.s086.t035	d001.s086.t035	bn:00011638n	bn:00021015n	wiki:comitato_(collegio)				
d001.s086.t035	d001.s086.t036	bn:03895618n	wiki:commissione_europea					
d001.s086.t036	d001.s086.t036	bn:00102440a						
d001.s086.t040	d001.s086.t040	bn:00011638n	bn:00021015n	wiki:comitato_(collegio)				
d001.s086.t040	d001.s086.t042	bn:00893206n	wiki:comitato_delle_regioni					
d001.s086.t042	d001.s086.t042	bn:00060767n						
d001.s086.t043	d001.s086.t044	bn:01019664n						
d001.s086.t046	d001.s086.t046	bn:00026427n						
d001.s086.t048	d001.s086.t048	bn:00060708n	wiki:parlamento					
d001.s086.t048	d001.s086.t049	bn:03855948n	wiki:parlamento_europeo					
d001.s086.t049	d001.s086.t049	bn:00102440a						
d001.s086.t050	d001.s086.t053	bn:03742029n	wiki:josé_maría_gil-robles					
d001.s086.t055	d001.s086.t055	bn:00079435n	wiki:vicepresidente					
d001.s086.t057	d001.s086.t057	bn:00060708n	wiki:parlamento					
d001.s086.t057	d001.s086.t058	bn:03855948n	wiki:parlamento_europeo					
d001.s086.t058	d001.s086.t058	bn:00102440a						
d001.s086.t062	d001.s086.t062	bn:00011638n	bn:00021015n	wiki:comitato_(collegio)				
d001.s086.t062	d001.s086.t065	bn:00893211n	wiki:comitato_economico_e_sociale_europeo					
d001.s086.t063	d001.s086.t063	bn:00102001a	bn:00102002a					
d001.s086.t065	d001.s086.t065	bn:00110842a	bn:00110844a					
d001.s087.t001	d001.s087.t001	bn:00049573n	bn:00067181n	bn:00074790n	wiki:progetto	wiki:report_informativo		
d001.s087.t001	d001.s087.t003	bn:02395950n						
d001.s087.t003	d001.s087.t003	bn:00016401n	bn:00016407n					
d001.s087.t004	d001.s087.t004	bn:00096798a	bn:00101929a	bn:00102466a				
d001.s087.t005	d001.s087.t005	bn:00067181n	wiki:report_informativo					
d001.s087.t006	d001.s087.t006	bn:00107136a	bn:00107137a	bn:00107138a				
d001.s087.t007	d001.s087.t007	bn:00085499v						
d001.s087.t009	d001.s087.t009	bn:00070575n						
d001.s087.t012	d001.s087.t012	bn:00026116n	bn:00034797n	wiki:iniziativa_(scacchi)				
d001.s087.t014	d001.s087.t014	bn:00084931v	bn:00093765v					
d001.s087.t018	d001.s087.t018	bn:00102123a						
d001.s087.t020	d001.s087.t020	bn:00087826v	bn:00087869v					
d001.s087.t023	d001.s087.t023	bn:00063989n						
d001.s087.t026	d001.s087.t026	bn:00082573v						
d001.s087.t028	d001.s087.t028	bn:00030626n						
d001.s087.t031	d001.s087.t031	bn:00026980n	bn:00041853n	wiki:didattica	wiki:educazione			
d001.s087.t034	d001.s087.t034	bn:00026695n	bn:00026696n					
d001.s087.t036	d001.s087.t036	bn:00064681n	bn:00081593n	bn:09081960n	wiki:lavoratore			
d001.s087.t037	d001.s087.t037	bn:00096644a	bn:00107786a					
d001.s087.t039	d001.s087.t039	bn:00021286n	bn:00022811n	wiki:azienda	wiki:società_(diritto)			
d001.s087.t042	d001.s087.t042	bn:00021248n						
d001.s088.t003	d001.s088.t003	bn:00011771n	wiki:stato					
d001.s088.t004	d001.s088.t004	bn:00095950a						
d001.s088.t006	d001.s088.t006	bn:00095975a						
d001.s088.t007	d001.s088.t007	bn:00026116n	bn:00034797n	bn:00833323n	wiki:iniziativa_(scacchi)			
d001.s088.t010	d001.s088.t010	bn:00115329r						
d001.s088.t011	d001.s088.t011	bn:00084931v	bn:00093765v					
d001.s088.t016	d001.s088.t016	bn:00049573n	bn:00067181n	bn:00074790n	wiki:progetto	wiki:report_informativo		
d001.s088.t016	d001.s088.t018	bn:02395950n						
d001.s088.t018	d001.s088.t018	bn:00016401n	bn:00016407n					
d001.s088.t020	d001.s088.t020	bn:00086833v						
d001.s089.t002	d001.s089.t002	bn:00049573n	bn:00067181n	bn:00074790n	wiki:progetto	wiki:report_informativo		
d001.s089.t004	d001.s089.t004	bn:00082596v						
d001.s089.t006	d001.s089.t006	bn:00019219n						
d001.s089.t008	d001.s089.t008	bn:00026116n	bn:00034797n	wiki:iniziativa_(scacchi)				
d001.s089.t012	d001.s089.t012	bn:00046065n						
d001.s089.t014	d001.s089.t014	bn:00032100n	bn:00036197n					
d001.s089.t015	d001.s089.t015	bn:00107714a						
d001.s089.t018	d001.s089.t018	bn:00059480n	bn:00059483n	bn:04094324n	wiki:organizzazione	wiki:organizzazione_aziendale		
d001.s089.t018	d001.s089.t020	bn:00013379n	wiki:sindacato					
d001.s089.t020	d001.s089.t020	bn:00014138n	bn:00030616n	bn:00030625n	wiki:rapporto_di_lavoro			
d001.s089.t022	d001.s089.t022	bn:00087763v						
d001.s089.t025	d001.s089.t025	bn:00037022n						
d001.s089.t028	d001.s089.t028	bn:00064527n	bn:09482133n	wiki:problema				
d001.s089.t030	d001.s089.t030	bn:00026116n	bn:00034797n	bn:00833323n	wiki:iniziativa_(scacchi)			
d001.s090.t005	d001.s090.t005	bn:00080111n						
d001.s090.t007	d001.s090.t007	bn:00047238n	wiki:intervista					
d001.s090.t009	d001.s090.t009	bn:00047203n	bn:00067199n					
d001.s090.t010	d001.s090.t010	bn:00048986n						
d001.s090.t012	d001.s090.t012	bn:00042833n	bn:00073801n	wiki:manodopera	wiki:risorse_umane	wiki:stato_maggiore		
d001.s091.t002	d001.s091.t002	bn:00049573n	bn:00067181n	bn:00074790n	wiki:progetto	wiki:report_informativo		
d001.s091.t003	d001.s091.t003	bn:00107136a	bn:00107137a	bn:00107138a				
d001.s091.t007	d001.s091.t007	bn:00067181n	wiki:report_informativo					
d001.s091.t008	d001.s091.t008	bn:00102440a						
d001.s091.t010	d001.s091.t010	bn:00082392v	bn:00092916v					
d001.s091.t012	d001.s091.t012	bn:00063989n						
d001.s092.t002	d001.s092.t002	bn:00067181n	wiki:report_informativo					
d001.s092.t005	d001.s092.t005	bn:00000777n						
d001.s092.t007	d001.s092.t007	bn:00026116n	bn:00034797n	wiki:iniziativa_(scacchi)				
d001.s092.t009	d001.s092.t009	bn:00084099v	bn:00092123v					
d001.s092.t013	d001.s092.t013	bn:00083187v						
d001.s092.t015	d001.s092.t015	bn:00008786n						
d001.s092.t018	d001.s092.t018	bn:00021721n						
d001.s092.t019	d001.s092.t019	bn:00082668v	bn:00084375v					
d001.s092.t022	d001.s092.t022	bn:00007406n	wiki:autunno					
d001.s092.t024	d001.s092.t024	bn:00104506a	bn:00110075a					
d001.s092.t025	d001.s092.t025	bn:00078738n	wiki:anno	wiki:annum				
d001.s093.t002	d001.s093.t002	bn:00031641n	bn:00036064n	bn:00366263n				
d001.s093.t003	d001.s093.t003	bn:00089804v						
d001.s093.t004	d001.s093.t004	bn:00087137v	bn:00087138v					
d001.s093.t006	d001.s093.t006	bn:00017747n	bn:00017761n	bn:00017762n				
d001.s093.t008	d001.s093.t008	bn:00008714n	bn:00045274n					
d001.s093.t011	d001.s093.t011	bn:00001936n						
d001.s093.t013	d001.s093.t013	bn:00041239n						
d001.s093.t015	d001.s093.t015	bn:00030626n						
d001.s093.t017	d001.s093.t017	bn:00026980n	bn:00041853n	wiki:didattica	wiki:educazione			
d001.s093.t019	d001.s093.t019	bn:00082596v						
d001.s093.t021	d001.s093.t021	bn:00016850n	bn:00066443n					
d001.s094.t002	d001.s094.t002	bn:00082596v						
d001.s094.t005	d001.s094.t005	bn:00063217n						
d001.s094.t005	d001.s094.t007	bn:00063237n						
d001.s094.t007	d001.s094.t007	bn:00045979n	bn:00063237n	wiki:immaginazione				
d001.s094.t009	d001.s094.t009	bn:00071432n						
d001.s094.t009	d001.s094.t010	bn:01623772n						
d001.s094.t010	d001.s094.t010	bn:00110842a	bn:00110844a					
d001.s094.t012	d001.s094.t012	bn:00085427v						
d001.s094.t014	d001.s094.t014	bn:00002157n	bn:00007026n					
d001.s094.t015	d001.s094.t015	bn:00102398a						
d001.s094.t017	d001.s094.t017	bn:00064624n	bn:00064776n	bn:00075094n				
d001.s094.t020	d001.s094.t020	bn:00082643v	bn:00087115v	bn:00092783v				
d001.s094.t022	d001.s094.t022	bn:00008714n	bn:00045274n					
d001.s094.t025	d001.s094.t025	bn:00001936n						
d001.s095.t002	d001.s095.t002	bn:00096000a						
d001.s095.t006	d001.s095.t006	bn:00062759n						
d001.s095.t007	d001.s095.t007	bn:00087137v	bn:00087138v					
d001.s095.t009	d001.s095.t009	bn:00087763v						
d001.s095.t010	d001.s095.t010	bn:00026116n	bn:00034797n	wiki:iniziativa_(scacchi)				
d001.s095.t012	d001.s095.t012	bn:00109211a						
d001.s095.t014	d001.s095.t014	bn:00109026a						
d001.s095.t018	d001.s095.t018	bn:00086455v						
d001.s095.t021	d001.s095.t021	bn:00008714n	bn:00045274n					
d001.s095.t022	d001.s095.t022	bn:00082868v						
d001.s095.t024	d001.s095.t024	bn:00001936n						
d001.s095.t026	d001.s095.t026	bn:00115235r						
d001.s095.t028	d001.s095.t028	bn:00033835n						
d001.s095.t030	d001.s095.t030	bn:00064681n	bn:00081593n	bn:09081960n	wiki:lavoratore			
d001.s095.t031	d001.s095.t031	bn:00096644a	bn:00107786a					
d001.s096.t001	d001.s096.t001	bn:00093452v						
d001.s096.t002	d001.s096.t002	bn:00003132n						
d001.s096.t004	d001.s096.t004	bn:08952119n	wiki:prepensionamento					
d001.s096.t007	d001.s096.t007	bn:00027476n	bn:00050314n					
d001.s096.t010	d001.s096.t010	bn:00062759n						
d001.s096.t013	d001.s096.t013	bn:00114714r						
d001.s096.t015	d001.s096.t015	bn:00075330n						
d001.s096.t018	d001.s096.t018	bn:00066979n						
d001.s096.t021	d001.s096.t021	bn:00067463n						
d001.s096.t023	d001.s096.t023	bn:00047795n	bn:00064681n	bn:00081593n	bn:09081960n	wiki:lavoratore	wiki:operaio	
d001.s096.t024	d001.s096.t024	bn:00096644a	bn:00107786a					
d001.s097.t002	d001.s097.t002	bn:00082206v	bn:00094538v					
d001.s097.t004	d001.s097.t004	bn:00019220n	bn:00021989n					
d001.s097.t006	d001.s097.t006	bn:00037634n	bn:00070773n	wiki:genere_(scienze_sociali)	wiki:sesso_(biologia)			
d001.s097.t009	d001.s097.t009	bn:00054281n	bn:00667078n					
d001.s097.t010	d001.s097.t010	bn:00100762a						
d001.s097.t012	d001.s097.t012	bn:00047795n	bn:00064681n	bn:00081593n	bn:09081960n	wiki:lavoratore	wiki:operaio	
d001.s097.t017	d001.s097.t017	bn:00022856n						
d001.s097.t020	d001.s097.t020	bn:00027538n	wiki:discriminazione					
d001.s097.t022	d001.s097.t022	bn:00008786n						
d001.s097.t024	d001.s097.t024	bn:00001936n						
d001.s098.t002	d001.s098.t002	bn:00062759n						
d001.s098.t003	d001.s098.t003	bn:00082596v						
d001.s098.t005	d001.s098.t005	bn:00026116n	bn:00034797n	wiki:iniziativa_(scacchi)				
d001.s098.t008	d001.s098.t008	bn:00086455v						
d001.s098.t011	d001.s098.t011	bn:00027538n	bn:00027539n	wiki:discriminazione				
d001.s098.t012	d001.s098.t012	bn:00083141v						
d001.s098.t014	d001.s098.t014	bn:00001936n						
d001.s098.t016	d001.s098.t016	bn:00005513n	bn:00082076n					
d001.s098.t017	d001.s098.t017	bn:00109997a	bn:00109998a					
d001.s098.t020	d001.s098.t020	bn:00106058a	bn:00106773a					
d001.s098.t020	d001.s098.t023	bn:03169699n	wiki:piccola_e_media_impresa					
d001.s098.t022	d001.s098.t022	bn:00097857a						
d001.s098.t023	d001.s098.t023	bn:00022811n	bn:00031008n	wiki:società_(diritto)				
d001.s099.t002	d001.s099.t002	bn:00067280n	bn:00067283n	bn:00070036n	wiki:ricerca_scientifica			
d001.s099.t003	d001.s099.t003	bn:00088078v						
d001.s099.t005	d001.s099.t005	bn:00074900n						
d001.s099.t006	d001.s099.t006	bn:00096060a						
d001.s099.t007	d001.s099.t007	bn:00011771n	wiki:stato					
d001.s099.t007	d001.s099.t008	bn:00208447n	wiki:stati_membri_dell'unione_europea					
d001.s099.t008	d001.s099.t008	bn:00054277n						
d001.s099.t010	d001.s099.t010	bn:00009714n	wiki:belgio					
d001.s099.t012	d001.s099.t012	bn:00036202n	wiki:francia					
d001.s099.t014	d001.s099.t014	bn:00026684n	wiki:germania					
d001.s099.t016	d001.s099.t016	bn:00030401n	wiki:grecia					
d001.s099.t018	d001.s099.t018	bn:00047705n	bn:04003440n	wiki:italia	wiki:italia_(regione_geografica)			
d001.s099.t020	d001.s099.t021	bn:00044423n	wiki:paesi_bassi					
d001.s099.t023	d001.s099.t023	bn:00049169n						
d001.s099.t023	d001.s099.t024	bn:00013173n	wiki:gran_bretagna	wiki:regno_unito				
d001.s099.t024	d001.s099.t024	bn:00112908a						
d001.s100.t001	d001.s100.t001	bn:00075142n						
d001.s100.t002	d001.s100.t002	bn:00086673v	bn:00090712v					
d001.s100.t004	d001.s100.t004	bn:00063584n	wiki:pubblico					
d001.s100.t006	d001.s100.t006	bn:00108977a						
d001.s100.t007	d001.s100.t007	bn:00028015n						
d001.s100.t010	d001.s100.t010	bn:00075142n						
d001.s100.t013	d001.s100.t013	bn:00067181n	bn:08904168n	wiki:relazione_(testo)	wiki:report_informativo			
d001.s100.t015	d001.s100.t015	bn:00005120n	bn:00031972n	bn:08839900n	wiki:valutazione_(finanza)			
d001.s100.t016	d001.s100.t016	bn:00109211a						
d001.s100.t017	d001.s100.t017	bn:00102440a						
d001.s101.t004	d001.s101.t004	bn:00923812n	wiki:maropitant					
d001.s102.t001	d001.s102.t001	bn:00923812n	wiki:maropitant					
d001.s102.t002	d001.s102.t002	bn:00083225v	bn:00085499v					
d001.s102.t004	d001.s102.t005	bn:00377649n	wiki:principio_attivo					
d001.s102.t005	d001.s102.t005	bn:00096387a						
d001.s102.t006	d001.s102.t006	bn:00923812n	wiki:maropitant					
d001.s102.t009	d001.s102.t009	bn:00097846a						
d001.s102.t011	d001.s102.t011	bn:00005023n	bn:00016529n					
d001.s102.t013	d001.s102.t013	bn:00052222n	wiki:compressa					
d001.s102.t016	d001.s102.t016	bn:00072760n	wiki:soluzione_(chimica)					
d001.s103.t002	d001.s103.t002	bn:00052222n	wiki:compressa					
d001.s103.t006	d001.s103.t006	bn:00107945a						
d001.s103.t007	d001.s103.t007	bn:00105938a						
d001.s103.t009	d001.s103.t009	bn:00088078v	bn:00089240v					
d001.s103.t011	d001.s103.t011	bn:00026264n	bn:00058144n					
d001.s103.t015	d001.s103.t015	bn:00071433n	bn:00071434n					
d001.s103.t018	d001.s103.t018	bn:00082531v	bn:00093755v					
d001.s103.t020	d001.s103.t020	bn:00027913n	bn:00027920n					
d001.s103.t022	d001.s103.t022	bn:00095950a						
d001.s103.t023	d001.s103.t023	bn:00042601n						
d001.s104.t001	d001.s104.t001	bn:00114315r						
d001.s104.t002	d001.s104.t002	bn:00052222n	wiki:compressa					
d001.s104.t004	d001.s104.t004	bn:00090151v						
d001.s104.t007	d001.s104.t007	bn:00071433n	bn:00071434n					
d001.s104.t010	d001.s104.t010	bn:00051872n	wiki:logo	wiki:wordmark				
d001.s104.t011	d001.s104.t011	bn:03463336n	wiki:pfizer					
d001.s104.t014	d001.s104.t014	bn:00108011a						
d001.s104.t015	d001.s104.t015	bn:00071433n	bn:00071434n					
d001.s104.t018	d001.s104.t018	bn:00003057n	bn:00017752n	wiki:grafema				
d001.s104.t022	d001.s104.t022	bn:00034394n						
d001.s104.t024	d001.s104.t024	bn:00086586v	bn:00089681v					
d001.s104.t026	d001.s104.t026	bn:00003602n	bn:00003603n	wiki:quantità_(filosofia)				
d001.s104.t028	d001.s104.t028	bn:00923812n	wiki:maropitant					
d001.s105.t003	d001.s105.t003	bn:00076924n						
d001.s105.t005	d001.s105.t005	bn:00082705v	bn:00089140v					
d001.s105.t006	d001.s105.t006	bn:00923812n	wiki:maropitant					
d001.s106.t001	d001.s106.t001	bn:00923812n	wiki:maropitant					
d001.s106.t004	d001.s106.t004	bn:00004656n	wiki:antiemetico					
d001.s106.t008	d001.s106.t008	bn:00054128n	bn:00061887n	wiki:farmaco				
d001.s106.t010	d001.s106.t010	bn:00082787v	bn:00083623v	bn:00083900v	bn:00089154v			
d001.s106.t012	d001.s106.t012	bn:00027565n	wiki:vomito					
d001.s107.t002	d001.s107.t002	bn:00082705v	bn:00082711v	bn:00089140v				
d001.s107.t004	d001.s107.t004	bn:00008602n	bn:00015267n	wiki:canis_lupus_familiaris				
d001.s107.t006	d001.s107.t006	bn:00082954v	bn:00088454v					
d001.s107.t008	d001.s107.t008	bn:00027565n	wiki:vomito					
d001.s107.t009	d001.s107.t009	bn:00084699v						
d001.s107.t012	d001.s107.t012	bn:00032099n						
d001.s107.t015	d001.s107.t015	bn:00018141n	wiki:chemioterapia					
d001.s107.t017	d001.s107.t017	bn:00054128n	bn:00061887n	wiki:farmaco				
d001.s107.t018	d001.s107.t018	bn:00082705v	bn:00113453a					
d001.s107.t021	d001.s107.t021	bn:00047235n	bn:00076843n	wiki:terapia				
d001.s107.t021	d001.s107.t023	bn:00058966n	wiki:oncologia					
d001.s107.t023	d001.s107.t023	bn:00015180n	wiki:neoplasia#comportamento_biologico:_benignità_e_malignità					
d001.s107.t028	d001.s107.t028	bn:00105645a						
d001.s107.t030	d001.s107.t030	bn:00084069v	bn:00084699v					
d001.s107.t032	d001.s107.t032	bn:00027565n	wiki:vomito					
d001.s108.t002	d001.s108.t002	bn:00020872n						
d001.s108.t005	d001.s108.t005	bn:00054018n	bn:00054019n	wiki:misurazione				
d001.s108.t007	d001.s108.t007	bn:00075331n						
d001.s108.t010	d001.s108.t010	bn:00032099n						
d001.s108.t011	d001.s108.t011	bn:00108011a						
d001.s108.t012	d001.s108.t012	bn:00047235n	bn:00076843n	wiki:terapia				
d001.s108.t013	d001.s108.t013	bn:00113583a						
d001.s108.t016	d001.s108.t016	bn:00027011n	bn:00027014n	wiki:dieta				
d001.s108.t017	d001.s108.t017	bn:00108295a	bn:00110996a					
d001.s108.t019	d001.s108.t019	bn:00923812n	wiki:maropitant					
d001.s108.t023	d001.s108.t023	bn:00082705v	bn:00082711v	bn:00089140v				
d001.s108.t025	d001.s108.t025	bn:00042823n	bn:00047235n					
d001.s108.t027	d001.s108.t027	bn:00027565n	wiki:vomito					
d001.s108.t031	d001.s108.t031	bn:00046787n	wiki:iniezione_(medicina)					
d001.s108.t034	d001.s108.t034	bn:00046787n	wiki:iniezione_(medicina)					
d001.s108.t035	d001.s108.t035	bn:00088422v	bn:00088424v					
d001.s108.t037	d001.s108.t037	bn:00052222n	wiki:compressa					
d001.s109.t003	d001.s109.t003	bn:00002178n	bn:00002179n	bn:00036822n				
d001.s109.t004	d001.s109.t004	bn:00923812n	wiki:maropitant					
d001.s109.t007	d001.s109.t007	bn:00082365v						
d001.s109.t011	d001.s109.t011	bn:00051250n						
d001.s109.t013	d001.s109.t013	bn:00096027a						
d001.s110.t002	d001.s110.t002	bn:00082285v						
d001.s110.t003	d001.s110.t003	bn:00923812n	wiki:maropitant					
d001.s111.t001	d001.s111.t001	bn:00923812n	wiki:maropitant					
d001.s111.t002	d001.s111.t002	bn:00083622v						
d001.s111.t004	d001.s111.t004	bn:00066514n	bn:00066515n	wiki:recettore_(biochimica)	wiki:recettore_sensoriale			
d001.s111.t006	d001.s111.t006	bn:02560276n	wiki:tachichinina					
d001.s111.t008	d001.s111.t008	bn:02560276n	wiki:tachichinina					
d001.s111.t011	d001.s111.t011	bn:00082285v	bn:00082286v					
d001.s111.t013	d001.s111.t013	bn:00041239n	bn:00062767n	wiki:spostamento_della_realtà				
d001.s111.t015	d001.s111.t015	bn:00069580n	bn:00075762n	bn:08973961n	wiki:apparato_(anatomia)	wiki:sistema		
d001.s111.t015	d001.s111.t016	bn:00057341n	wiki:sistema_nervoso_umano					
d001.s111.t015	d001.s111.t017	bn:00017184n	wiki:sistema_nervoso_centrale					
d001.s111.t016	d001.s111.t016	bn:00107232a						
d001.s111.t017	d001.s111.t017	bn:00099258a	bn:00099441a					
d001.s112.t004	d001.s112.t004	bn:00082596v						
d001.s112.t006	d001.s112.t006	bn:00029876n	bn:00029888n					
d001.s112.t008	d001.s112.t008	bn:00923812n	wiki:maropitant					
d001.s113.t003	d001.s113.t003	bn:00091177v						
d001.s113.t004	d001.s113.t004	bn:00105858a	bn:00106408a					
d001.s113.t005	d001.s113.t005	bn:00049573n	bn:00074790n	wiki:progetto				
d001.s113.t007	d001.s113.t007	bn:00923812n	wiki:maropitant					
d001.s113.t011	d001.s113.t011	bn:00008602n	bn:00015267n	wiki:canis_lupus_familiaris				
d001.s113.t013	d001.s113.t013	bn:00049551n	wiki:laboratorio					
d001.s113.t016	d001.s113.t016	bn:00004222n	wiki:animalia	wiki:fauna				
d001.s113.t018	d001.s113.t018	bn:00047235n	bn:00076843n	wiki:terapia				
d001.s113.t020	d001.s113.t020	bn:00049573n	bn:00074790n	wiki:progetto				
d001.s113.t021	d001.s113.t021	bn:00113583a						
d001.s113.t023	d001.s113.t023	bn:00101347a	bn:00101628a					
d001.s113.t024	d001.s113.t024	bn:00011771n	bn:00023235n	wiki:paese_(area_geografica)	wiki:stato			
d001.s113.t024	d001.s113.t025	bn:00031903n						
d001.s113.t025	d001.s113.t025	bn:00102440a						
d001.s113.t028	d001.s113.t028	bn:00023235n	wiki:paese_(area_geografica)					
d001.s113.t028	d001.s113.t029	bn:00003341n	wiki:stati_uniti_d'america					
d001.s113.t028	d001.s113.t031	bn:00003341n	wiki:stati_uniti_d'america					
d001.s113.t029	d001.s113.t029	bn:00112908a						
d001.s113.t031	d001.s113.t031	bn:00003341n	bn:00003342n	wiki:stati_uniti_d'america				
d001.s114.t002	d001.s114.t002	bn:00009905n	bn:00037022n					
d001.s114.t003	d001.s114.t003	bn:00088078v	bn:00091132v					
d001.s114.t004	d001.s114.t004	bn:00086567v	bn:00087841v					
d001.s114.t005	d001.s114.t005	bn:00923812n	wiki:maropitant					
d001.s114.t009	d001.s114.t009	bn:00049573n	bn:00074790n	wiki:progetto				
d001.s115.t002	d001.s115.t002	bn:00021961n	bn:00034520n	bn:00036688n	bn:09006875n	wiki:risultato		
d001.s115.t004	d001.s115.t004	bn:00049573n	bn:00074790n	wiki:progetto				
d001.s115.t006	d001.s115.t006	bn:00087562v						
d001.s115.t008	d001.s115.t008	bn:00923812n	wiki:maropitant					
d001.s115.t011	d001.s115.t011	bn:00102038a	bn:00102039a	bn:00102040a				
d001.s115.t013	d001.s115.t013	bn:00062717n	wiki:placebo_(medicina)					
d001.s115.t016	d001.s115.t016	bn:00008602n	bn:00015267n	wiki:canis_lupus_familiaris				
d001.s115.t017	d001.s115.t017	bn:00092032v						
d001.s115.t020	d001.s115.t020	bn:00054128n	bn:00061887n	wiki:farmaco				
d001.s115.t022	d001.s115.t022	bn:00006999n						
d001.s115.t024	d001.s115.t024	bn:00027565n	wiki:vomito					
d001.s115.t028	d001.s115.t028	bn:00103324a						
d001.s115.t029	d001.s115.t029	bn:00066865n						
d001.s115.t031	d001.s115.t031	bn:00004222n	wiki:animalia	wiki:fauna				
d001.s115.t032	d001.s115.t032	bn:00084532v	bn:00092032v					
d001.s115.t035	d001.s115.t035	bn:00062717n	wiki:placebo_(medicina)					
d001.s115.t039	d001.s115.t039	bn:00042823n	bn:00047235n					
d001.s115.t042	d001.s115.t042	bn:00008467n	bn:00035874n	wiki:preclusione				
d001.s115.t044	d001.s115.t044	bn:00027565n	wiki:vomito					
d001.s116.t002	d001.s116.t002	bn:00042823n	bn:00047235n					
d001.s116.t005	d001.s116.t005	bn:00008602n	bn:00015267n	wiki:canis_lupus_familiaris				
d001.s116.t007	d001.s116.t007	bn:00027565n	wiki:vomito					
d001.s116.t009	d001.s116.t009	bn:00083340v	bn:00083341v					
d001.s116.t012	d001.s116.t012	bn:00046787n	wiki:iniezione_(medicina)					
d001.s116.t016	d001.s116.t016	bn:00004222n	wiki:animalia	wiki:fauna				
d001.s116.t018	d001.s116.t018	bn:00006999n						
d001.s116.t020	d001.s116.t020	bn:00027565n	wiki:vomito					
d001.s116.t027	d001.s116.t027	bn:00089400v						
d001.s116.t029	d001.s116.t029	bn:00052222n	wiki:compressa					
d001.s116.t031	d001.s116.t031	bn:00009677n	wiki:organismo_vivente					
d001.s116.t036	d001.s116.t036	bn:00083115v						
d001.s117.t003	d001.s117.t003	bn:00042823n	bn:00047235n					
d001.s117.t005	d001.s117.t005	bn:08981187n	wiki:follow-up					
d001.s117.t008	d001.s117.t008	bn:00052222n	wiki:compressa					
d001.s117.t011	d001.s117.t011	bn:00082365v						
d001.s117.t013	d001.s117.t013	bn:00059954n						
d001.s117.t015	d001.s117.t015	bn:00008602n	bn:00015267n	wiki:canis_lupus_familiaris				
d001.s118.t004	d001.s118.t004	bn:00047235n	bn:00076843n	wiki:terapia				
d001.s118.t006	d001.s118.t006	bn:00027565n	wiki:vomito					
d001.s118.t009	d001.s118.t009	bn:00082868v	bn:00085316v					
d001.s118.t012	d001.s118.t012	bn:00054018n	bn:00054019n	wiki:misurazione				
d001.s118.t014	d001.s118.t014	bn:00075331n						
d001.s118.t018	d001.s118.t018	bn:00047235n	bn:00076843n	wiki:terapia				
d001.s118.t019	d001.s118.t019	bn:00113583a						
d001.s118.t021	d001.s118.t021	bn:00089817v	bn:00091179v					
d001.s118.t023	d001.s118.t023	bn:00016850n						
d001.s118.t025	d001.s118.t025	bn:00027565n	wiki:vomito					
d001.s119.t004	d001.s119.t004	bn:00030747n	wiki:rischio					
d001.s119.t005	d001.s119.t005	bn:00082868v	bn:00085316v					
d001.s119.t007	d001.s119.t007	bn:00923812n	wiki:maropitant					
d001.s120.t001	d001.s120.t001	bn:00923812n	wiki:maropitant					
d001.s120.t003	d001.s120.t003	bn:00114778r						
d001.s120.t004	d001.s120.t004	bn:00115530r						
d001.s120.t005	d001.s120.t005	bn:00082138v						
d001.s120.t007	d001.s120.t007	bn:00082365v						
d001.s120.t008	d001.s120.t008	bn:00114917r						
d001.s120.t010	d001.s120.t010	bn:00028320n	bn:09072838n	wiki:dosaggio				
d001.s120.t014	d001.s120.t014	bn:00019848n	bn:00077269n					
d001.s120.t016	d001.s120.t016	bn:00028320n	bn:09072838n	wiki:dosaggio				
d001.s120.t017	d001.s120.t017	bn:00082418v						
d001.s120.t020	d001.s120.t020	bn:00106124a						
d001.s120.t020	d001.s120.t021	bn:00051929n						
d001.s120.t021	d001.s120.t021	bn:00061605n	bn:00077267n	bn:00077268n				
d001.s120.t021	d001.s120.t023	bn:00061605n						
d001.s120.t023	d001.s120.t023	bn:00077268n						
d001.s120.t028	d001.s120.t028	bn:00019848n	bn:00077269n					
d001.s120.t030	d001.s120.t030	bn:00022191n	bn:00029170n					
d001.s120.t032	d001.s120.t032	bn:00042823n	bn:00047235n					
d001.s121.t004	d001.s121.t004	bn:00016012n						
d001.s121.t007	d001.s121.t007	bn:00082206v	bn:00094538v					
d001.s121.t009	d001.s121.t009	bn:00046516n	bn:00061714n	wiki:individuo	wiki:persona_(filosofia)			
d001.s121.t011	d001.s121.t011	bn:00082365v						
d001.s121.t013	d001.s121.t013	bn:00054128n	bn:00061887n	wiki:farmaco				
d001.s121.t015	d001.s121.t015	bn:00085363v	bn:00088764v					
d001.s121.t017	d001.s121.t017	bn:00022113n						
d001.s121.t020	d001.s121.t020	bn:00004222n	wiki:animalia	wiki:fauna				
d001.s122.t001	d001.s122.t001	bn:00923812n	wiki:maropitant					
d001.s122.t003	d001.s122.t003	bn:00091868v						
d001.s122.t004	d001.s122.t004	bn:00102398a	bn:00108295a					
d001.s122.t005	d001.s122.t005	bn:00030747n	wiki:rischio					
d001.s122.t008	d001.s122.t008	bn:00044576n	bn:00053097n	bn:08960999n	wiki:homo	wiki:homo_sapiens	wiki:uomo_(filosofia)	
