es001.s001.t003	es001.s001.t003	bn:00108977a						
es001.s001.t004	es001.s001.t004	bn:00028015n	bn:00028017n					
es001.s001.t006	es001.s001.t006	bn:00082392v	bn:00086822v	bn:00092916v				
es001.s001.t008	es001.s001.t008	bn:00067181n	wiki:informe					
es001.s001.t009	es001.s001.t009	bn:00109211a	bn:00109212a					
es001.s001.t010	es001.s001.t010	bn:00102440a						
es001.s001.t012	es001.s001.t012	bn:00005120n	bn:00031972n					
es001.s002.t004	es001.s002.t004	bn:00087869v	bn:00087870v					
es001.s002.t007	es001.s002.t007	bn:00021015n	wiki:comité					
es001.s002.t007	es001.s002.t012	bn:00302314n						
es001.s002.t009	es001.s002.t009	bn:00031708n	bn:00054128n	bn:00061887n	wiki:medicamento	wiki:prescripción_(medicina)		
es001.s002.t011	es001.s002.t011	bn:00030627n	bn:00079370n					
es001.s002.t012	es001.s002.t012	bn:00104385a						
es001.s002.t014	es001.s002.t014	bn:00302314n						
es001.s002.t017	es001.s002.t017	bn:00082720v						
es001.s002.t019	es001.s002.t019	bn:00074790n						
es001.s002.t020	es001.s002.t020	bn:00082225v	bn:00082311v	bn:00087107v				
es001.s002.t023	es001.s002.t023	bn:00031708n	bn:00054128n	bn:00061887n	wiki:medicamento	wiki:prescripción_(medicina)		
es001.s002.t025	es001.s002.t025	bn:00084099v	bn:00086535v					
es001.s002.t027	es001.s002.t027	bn:00066562n						
es001.s002.t030	es001.s002.t030	bn:00030627n	bn:00036822n					
es001.s003.t002	es001.s003.t002	bn:00086682v	bn:00086684v					
es001.s003.t003	es001.s003.t003	bn:00116285r						
es001.s003.t004	es001.s003.t004	bn:00046705n	wiki:información					
es001.s003.t007	es001.s003.t007	bn:00002171n	bn:00027546n	bn:00045952n	bn:00071428n	wiki:enfermedad		
es001.s003.t010	es001.s003.t010	bn:00047235n	bn:00076843n	wiki:tratamiento_(medicina)				
es001.s003.t013	es001.s003.t013	bn:00110075a						
es001.s003.t016	es001.s003.t016	bn:00082418v						
es001.s003.t018	es001.s003.t018	bn:00092424v	bn:00092432v					
es001.s003.t020	es001.s003.t020	bn:02573503n	wiki:prospecto					
es001.s003.t022	es001.s003.t022	bn:00085499v	bn:00089660v	bn:00089662v				
es001.s003.t028	es001.s003.t028	bn:00082821v	bn:00092261v					
es001.s003.t031	es001.s003.t031	bn:00027976n	bn:00054116n	wiki:médico				
es001.s003.t034	es001.s003.t034	bn:00004992n	wiki:boticario	wiki:farmacéutico				
es001.s004.t002	es001.s004.t002	bn:00086682v	bn:00086684v	bn:00095628v				
es001.s004.t003	es001.s004.t003	bn:00116285r						
es001.s004.t004	es001.s004.t004	bn:00046705n	wiki:información					
es001.s004.t007	es001.s004.t007	bn:00008786n						
es001.s004.t013	es001.s004.t013	bn:00083141v						
es001.s004.t015	es001.s004.t015	bn:00066562n						
es001.s004.t017	es001.s004.t017	bn:00302314n						
es001.s004.t020	es001.s004.t020	bn:00082418v						
es001.s004.t022	es001.s004.t022	bn:00092424v	bn:00092432v					
es001.s004.t024	es001.s004.t024	bn:00005601n	wiki:debate					
es001.s004.t025	es001.s004.t025	bn:00110175a						
es001.s004.t027	es001.s004.t027	bn:00114246r						
es001.s004.t028	es001.s004.t028	bn:00085499v	bn:00089660v	bn:00089662v				
es001.s005.t003	es001.s005.t003	bn:00602447n						
es001.s006.t001	es001.s006.t001	bn:00602447n						
es001.s006.t004	es001.s006.t004	bn:00063926n						
es001.s006.t009	es001.s006.t009	bn:00090556v						
es001.s006.t011	es001.s006.t011	bn:00072760n	wiki:disolución					
es001.s006.t013	es001.s006.t013	bn:00061571n						
es001.s006.t015	es001.s006.t015	bn:00028771n						
es001.s006.t017	es001.s006.t017	bn:00057343n	bn:00079681n	wiki:vena				
es001.s007.t001	es001.s007.t001	bn:00085499v						
es001.s007.t003	es001.s007.t004	bn:00377649n	wiki:fármaco					
es001.s007.t004	es001.s007.t004	bn:00096382a	bn:00096387a					
es001.s007.t005	es001.s007.t005	bn:00602447n						
es001.s008.t004	es001.s008.t004	bn:00082705v	bn:00089140v					
es001.s008.t005	es001.s008.t005	bn:00602447n						
es001.s009.t001	es001.s009.t001	bn:00602447n						
es001.s009.t003	es001.s009.t003	bn:00087644v						
es001.s009.t006	es001.s009.t006	bn:00047235n	bn:00076843n	wiki:tratamiento_(medicina)				
es001.s009.t009	es001.s009.t009	bn:00035907n	bn:00073211n	bn:00078798n	bn:00078799n	wiki:tipo_nomenclatural		
es001.s009.t011	es001.s009.t011	bn:00015180n	wiki:cáncer					
es001.s009.t013	es001.s009.t013	bn:00054512n	wiki:mesotelioma					
es001.s009.t014	es001.s009.t014	bn:00108692a						
es001.s009.t016	es001.s009.t016	bn:00015180n	wiki:cáncer					
es001.s009.t018	es001.s009.t018	bn:00020185n	wiki:recubrimiento					
es001.s009.t021	es001.s009.t021	bn:00052341n	wiki:pulmón					
es001.s009.t022	es001.s009.t022	bn:00084069v	bn:00084699v					
es001.s009.t023	es001.s009.t023	bn:00114634r	bn:00114778r					
es001.s009.t026	es001.s009.t026	bn:00032375n						
es001.s009.t028	es001.s009.t028	bn:00006236n	wiki:asbesto					
es001.s010.t001	es001.s010.t001	bn:00602447n						
es001.s010.t003	es001.s010.t003	bn:00082365v						
es001.s010.t005	es001.s010.t005	bn:00020872n	bn:00020878n	bn:00020884n				
es001.s010.t007	es001.s010.t007	bn:00577781n	wiki:cisplatino					
es001.s010.t010	es001.s010.t010	bn:00031708n	bn:00054128n	bn:00061887n	wiki:medicamento	wiki:prescripción_(medicina)		
es001.s010.t013	es001.s010.t013	bn:00015180n	wiki:cáncer					
es001.s010.t017	es001.s010.t017	bn:00057267n	wiki:tumor					
es001.s010.t019	es001.s010.t019	bn:00116348r						
es001.s010.t026	es001.s010.t026	bn:00087923v						
es001.s010.t027	es001.s010.t027	bn:00114234r						
es001.s010.t029	es001.s010.t029	bn:00059129n	wiki:cirugía					
es001.s010.t034	es001.s010.t034	bn:00106363a						
es001.s010.t039	es001.s010.t039	bn:00087063v						
es001.s010.t043	es001.s010.t043	bn:00105981a	bn:00105982a	bn:00105984a				
es001.s010.t046	es001.s010.t046	bn:00087063v						
es001.s010.t047	es001.s010.t047	bn:00115155r	bn:00115181r					
es001.s010.t051	es001.s010.t051	bn:00027912n	bn:00070193n	wiki:segmento				
es001.s010.t051	es001.s010.t053	bn:00011769n						
es001.s010.t053	es001.s010.t053	bn:00003882n	bn:00011744n	wiki:cuerpo_(anatomía)	wiki:cuerpo_humano			
es001.s010.t057	es001.s010.t057	bn:00061017n	wiki:paciente					
es001.s010.t059	es001.s010.t059	bn:00116360r						
es001.s010.t061	es001.s010.t061	bn:00089246v						
es001.s010.t062	es001.s010.t062	bn:00018141n	wiki:quimioterapia					
es001.s010.t064	es001.s010.t064	bn:00031708n	bn:00054128n	bn:00061887n	wiki:medicamento	wiki:prescripción_(medicina)		
es001.s010.t067	es001.s010.t067	bn:00015180n	wiki:cáncer					
es001.s010.t069	es001.s010.t069	bn:00114297r	bn:00114512r					
es001.s010.t071	es001.s010.t071	bn:00015180n	wiki:cáncer					
es001.s010.t071	es001.s010.t073	bn:00052343n	wiki:cáncer_de_pulmón					
es001.s010.t073	es001.s010.t073	bn:00052341n	wiki:pulmón					
es001.s010.t076	es001.s010.t076	bn:00054742n						
es001.s010.t078	es001.s010.t078	bn:00096528a						
es001.s010.t080	es001.s010.t080	bn:00054585n	wiki:metástasis					
es001.s010.t082	es001.s010.t082	bn:00116360r						
es001.s010.t083	es001.s010.t083	bn:00082426v	bn:00082427v					
es001.s010.t086	es001.s010.t086	bn:00017027n	wiki:célula					
es001.s011.t001	es001.s011.t001	bn:00602447n						
es001.s011.t003	es001.s011.t003	bn:00082705v	bn:00089140v					
es001.s011.t005	es001.s011.t005	bn:00020872n	bn:00020878n	bn:00020884n				
es001.s011.t007	es001.s011.t007	bn:00577781n	wiki:cisplatino					
es001.s011.t009	es001.s011.t009	bn:00061017n	wiki:paciente					
es001.s011.t011	es001.s011.t011	bn:00116360r						
es001.s011.t014	es001.s011.t014	bn:00084532v	bn:00087136v					
es001.s011.t015	es001.s011.t015	bn:00114297r	bn:00114512r					
es001.s011.t018	es001.s011.t018	bn:00749648n						
es001.s011.t020	es001.s011.t020	bn:00061017n	wiki:paciente					
es001.s011.t024	es001.s011.t024	bn:00084532v	bn:00087136v					
es001.s011.t025	es001.s011.t025	bn:00114297r	bn:00114512r					
es001.s011.t028	es001.s011.t028	bn:00035907n	bn:00073211n	bn:00078798n	bn:00078799n	wiki:tipo_nomenclatural		
es001.s011.t030	es001.s011.t030	bn:00018141n	wiki:quimioterapia					
es001.s012.t002	es001.s012.t002	bn:00031708n	bn:00054128n	bn:00061887n	wiki:medicamento	wiki:prescripción_(medicina)		
es001.s012.t003	es001.s012.t003	bn:00114234r						
es001.s012.t005	es001.s012.t005	bn:00082365v						
es001.s012.t007	es001.s012.t007	bn:00064195n	bn:03877095n	wiki:receta_de_cocina				
es001.s012.t007	es001.s012.t008	bn:00031708n	wiki:medicamento	wiki:prescripción_(medicina)				
es001.s012.t008	es001.s012.t008	bn:00106554a	bn:00106555a					
es001.s013.t003	es001.s013.t003	bn:00082705v						
es001.s013.t004	es001.s013.t004	bn:00602447n						
es001.s014.t001	es001.s014.t001	bn:00602447n						
es001.s014.t002	es001.s014.t002	bn:00114234r						
es001.s014.t004	es001.s014.t004	bn:00082365v						
es001.s014.t007	es001.s014.t007	bn:00059908n						
es001.s014.t010	es001.s014.t010	bn:00027976n	bn:00028003n	bn:00054116n	wiki:doctor_en_medicina	wiki:médico		
es001.s014.t011	es001.s014.t011	bn:00092243v						
es001.s014.t014	es001.s014.t014	bn:00030627n	bn:00036822n	bn:00079370n				
es001.s014.t016	es001.s014.t016	bn:00018141n	wiki:quimioterapia					
es001.s014.t019	es001.s014.t019	bn:00015180n	wiki:cáncer					
es001.s015.t002	es001.s015.t002	bn:00028320n	wiki:dosis					
es001.s015.t003	es001.s015.t003	bn:00082418v						
es001.s015.t005	es001.s015.t005	bn:00602447n						
es001.s015.t009	es001.s015.t009	bn:00054701n	wiki:órdenes_de_magnitud_(masa)					
es001.s015.t011	es001.s015.t011	bn:00052501n	wiki:metro					
es001.s015.t011	es001.s015.t012	bn:00017102n	wiki:metro_cuadrado					
es001.s015.t012	es001.s015.t012	bn:00111084a						
es001.s015.t014	es001.s015.t014	bn:00005518n	bn:00075374n	bn:08288117n	wiki:superficie_(física)	wiki:área	wiki:área#área_de_superficies_curvas	
es001.s015.t014	es001.s015.t015	bn:03551355n	wiki:área_de_superficie_corporal					
es001.s015.t015	es001.s015.t015	bn:00098648a						
es001.s015.t017	es001.s015.t017	bn:00084373v						
es001.s015.t020	es001.s015.t020	bn:00043545n	wiki:estatura					
es001.s015.t023	es001.s015.t023	bn:00011779n	bn:00080831n	wiki:peso	wiki:peso#el_peso_de_un_ser_humano			
es001.s015.t025	es001.s015.t025	bn:00061017n	wiki:paciente					
es001.s016.t002	es001.s016.t002	bn:00082365v						
es001.s016.t004	es001.s016.t004	bn:00019848n						
es001.s016.t007	es001.s016.t007	bn:00043484n	wiki:semana					
es001.s016.t009	es001.s016.t009	bn:00061571n						
es001.s016.t010	es001.s016.t010	bn:00102230a						
es001.s016.t013	es001.s016.t013	bn:00055094n	wiki:minuto					
es001.s017.t003	es001.s017.t003	bn:00030721n						
es001.s017.t005	es001.s017.t005	bn:00082125v	bn:00084079v					
es001.s017.t007	es001.s017.t007	bn:00021961n	bn:00046065n					
es001.s017.t007	es001.s017.t008	bn:00071445n	bn:00450782n	bn:00686074n	wiki:reacción_adversa_a_medicamento			
es001.s017.t008	es001.s017.t008	bn:00110247a	bn:00110248a	bn:00110249a				
es001.s017.t011	es001.s017.t011	bn:00061017n	wiki:paciente					
es001.s017.t013	es001.s017.t013	bn:00089246v						
es001.s017.t015	es001.s017.t015	bn:00001507n	wiki:corticosteroide					
es001.s017.t017	es001.s017.t017	bn:00000902n	wiki:ácido					
es001.s017.t017	es001.s017.t018	bn:00035585n	wiki:ácido_fólico					
es001.s017.t021	es001.s017.t021	bn:00035907n	bn:00073211n	bn:00078798n	bn:00078799n	wiki:tipo_nomenclatural		
es001.s017.t023	es001.s017.t023	bn:00080147n	wiki:vitamina					
es001.s017.t027	es001.s017.t027	bn:00046787n	wiki:inyección_(medicina)					
es001.s017.t029	es001.s017.t029	bn:00080147n	wiki:vitamina					
es001.s017.t029	es001.s017.t030	bn:00004712n	wiki:cianocobalamina					
es001.s017.t033	es001.s017.t033	bn:00047235n	bn:00076843n	wiki:tratamiento_(medicina)				
es001.s017.t035	es001.s017.t035	bn:00602447n						
es001.s018.t002	es001.s018.t002	bn:00602447n						
es001.s018.t004	es001.s018.t004	bn:00082705v	bn:00089140v					
es001.s018.t005	es001.s018.t005	bn:00114766r						
es001.s018.t007	es001.s018.t007	bn:00577781n	wiki:cisplatino					
es001.s018.t010	es001.s018.t010	bn:00082365v						
es001.s018.t011	es001.s018.t011	bn:00114134r	bn:00114246r	bn:00115484r				
es001.s018.t013	es001.s018.t013	bn:00031708n	bn:00054128n	bn:00061887n	wiki:medicamento	wiki:prescripción_(medicina)		
es001.s018.t015	es001.s018.t015	bn:00004656n	wiki:antiemético					
es001.s018.t019	es001.s018.t019	bn:00088454v	bn:00090033v					
es001.s018.t021	es001.s018.t021	bn:00027565n	wiki:regurgitación	wiki:vómito				
es001.s018.t024	es001.s018.t024	bn:00051471n	bn:00051473n					
es001.s018.t027	es001.s018.t027	bn:00088454v	bn:00090033v					
es001.s018.t029	es001.s018.t029	bn:00025982n	bn:00025983n	wiki:deshidratación				
es001.s018.t035	es001.s018.t035	bn:00028320n	wiki:dosis					
es001.s018.t037	es001.s018.t037	bn:00577781n	wiki:cisplatino					
es001.s019.t002	es001.s019.t002	bn:00107194a						
es001.s019.t005	es001.s019.t005	bn:00083908v	bn:00083995v					
es001.s019.t007	es001.s019.t007	bn:00047235n	bn:00076843n	wiki:tratamiento_(medicina)				
es001.s019.t010	es001.s019.t010	bn:00084079v	bn:00086418v					
es001.s019.t012	es001.s019.t012	bn:00028320n	wiki:dosis					
es001.s019.t015	es001.s019.t015	bn:00061017n	wiki:paciente					
es001.s019.t017	es001.s019.t017	bn:00087013v	bn:00088078v					
es001.s019.t018	es001.s019.t018	bn:00003125n	bn:00017651n					
es001.s019.t024	es001.s019.t024	bn:00103595a						
es001.s019.t025	es001.s019.t025	bn:00021961n	bn:00046065n					
es001.s019.t025	es001.s019.t026	bn:00071445n	bn:00450782n	bn:00686074n	wiki:reacción_adversa_a_medicamento			
es001.s019.t026	es001.s019.t026	bn:00110247a	bn:00110248a	bn:00110249a				
es001.s020.t001	es001.s020.t001	bn:00116360r						
es001.s020.t003	es001.s020.t003	bn:00082418v	bn:00085410v					
es001.s020.t004	es001.s020.t004	bn:00082365v						
es001.s020.t005	es001.s020.t005	bn:00602447n						
es001.s020.t007	es001.s020.t007	bn:00061017n	wiki:paciente					
es001.s020.t009	es001.s020.t009	bn:00002171n	bn:00048242n					
es001.s020.t010	es001.s020.t010	bn:00107226a						
es001.s020.t011	es001.s020.t011	bn:00106826a	bn:00106827a					
es001.s020.t013	es001.s020.t013	bn:00100896a						
es001.s021.t002	es001.s021.t002	bn:00086682v	bn:00086684v					
es001.s021.t003	es001.s021.t003	bn:00116285r						
es001.s021.t004	es001.s021.t004	bn:00046705n	wiki:información					
es001.s021.t006	es001.s021.t006	bn:00085686v						
es001.s021.t008	es001.s021.t008	bn:00031259n	bn:00075142n					
es001.s021.t011	es001.s021.t011	bn:00017747n	bn:00017761n	bn:00017762n				
es001.s021.t013	es001.s021.t013	bn:00064584n	bn:00064585n					
es001.s021.t016	es001.s021.t016	bn:00114246r						
es001.s021.t017	es001.s021.t017	bn:00085670v						
es001.s021.t018	es001.s021.t018	bn:00027912n	bn:00070193n	wiki:segmento				
es001.s022.t002	es001.s022.t002	bn:00082286v						
es001.s022.t003	es001.s022.t003	bn:00602447n						
es001.s023.t002	es001.s023.t003	bn:00377649n	wiki:fármaco					
es001.s023.t003	es001.s023.t003	bn:00096382a	bn:00096387a					
es001.s023.t005	es001.s023.t005	bn:00602447n						
es001.s023.t008	es001.s023.t008	bn:00602447n						
es001.s023.t012	es001.s023.t012	bn:00031708n	bn:00054128n	bn:00061887n	wiki:medicamento	wiki:prescripción_(medicina)		
es001.s023.t013	es001.s023.t013	bn:00024920n	wiki:citotoxicidad					
es001.s023.t016	es001.s023.t016	bn:00031708n	bn:00054128n	bn:00061887n	wiki:medicamento	wiki:prescripción_(medicina)		
es001.s023.t018	es001.s023.t018	bn:00086698v	bn:00086699v	bn:00090134v				
es001.s023.t020	es001.s023.t020	bn:00017027n	wiki:célula					
es001.s023.t024	es001.s023.t024	bn:00025966n	bn:00061898n					
es001.s023.t026	es001.s023.t026	bn:00027913n	bn:00027920n	bn:00070547n				
es001.s023.t030	es001.s023.t030	bn:00099180a						
es001.s023.t033	es001.s023.t033	bn:00083389v						
es001.s023.t035	es001.s023.t035	bn:00041942n						
es001.s023.t039	es001.s023.t039	bn:00004691n	wiki:antimetabolito					
es001.s024.t003	es001.s024.t003	bn:00004257n	bn:00009677n	wiki:ser_vivo				
es001.s024.t006	es001.s024.t006	bn:00602447n						
es001.s024.t008	es001.s024.t008	bn:00085761v	bn:00085768v					
es001.s024.t011	es001.s024.t011	bn:00035908n	wiki:forma_musical					
es001.s024.t012	es001.s024.t012	bn:00096382a	bn:00096387a					
es001.s024.t014	es001.s024.t014	bn:00083629v	bn:00083630v	bn:00083636v	bn:00083642v			
es001.s024.t016	es001.s024.t016	bn:00001173n						
es001.s024.t019	es001.s024.t019	bn:00031085n	wiki:enzima					
es001.s024.t021	es001.s024.t021	bn:00087628v	bn:00087677v					
es001.s024.t024	es001.s024.t024	bn:00064590n						
es001.s024.t027	es001.s024.t027	bn:00008788n	wiki:nucleótido					
es001.s024.t030	es001.s024.t030	bn:00021396n						
es001.s024.t031	es001.s024.t031	bn:00099258a	bn:00102400a	bn:00102401a				
es001.s024.t033	es001.s024.t033	bn:00026301n	wiki:ácido_desoxirribonucleico					
es001.s024.t036	es001.s024.t036	bn:00067714n	bn:08320185n	wiki:arn	wiki:ácido_ribonucleico			
es001.s024.t039	es001.s024.t039	bn:00053801n						
es001.s024.t039	es001.s024.t040	bn:00037738n	wiki:genoma					
es001.s024.t040	es001.s024.t040	bn:00103522a						
es001.s024.t043	es001.s024.t043	bn:00017027n	wiki:célula					
es001.s025.t002	es001.s025.t002	bn:00035907n	bn:00073211n	bn:00078798n				
es001.s025.t004	es001.s025.t004	bn:00030952n	bn:00074790n					
es001.s025.t007	es001.s025.t007	bn:00082225v	bn:00082311v	bn:00087107v				
es001.s025.t009	es001.s025.t009	bn:00602447n						
es001.s026.t005	es001.s026.t005	bn:00083240v						
es001.s026.t007	es001.s026.t007	bn:00047235n	bn:00076843n	wiki:tratamiento_(medicina)				
es001.s026.t009	es001.s026.t009	bn:00054512n	wiki:mesotelioma					
es001.s026.t010	es001.s026.t010	bn:00108692a						
es001.s026.t011	es001.s026.t011	bn:00106363a						
es001.s026.t013	es001.s026.t013	bn:00602447n						
es001.s026.t016	es001.s026.t016	bn:00082720v						
es001.s026.t019	es001.s026.t019	bn:00030952n	bn:00067181n	bn:00074790n	wiki:informe			
es001.s026.t020	es001.s026.t020	bn:00098086a	bn:00105809a	bn:00106332a				
es001.s026.t021	es001.s026.t021	bn:00082225v	bn:00082311v	bn:00087107v	bn:00087108v			
es001.s026.t024	es001.s026.t024	bn:00061017n	wiki:paciente					
es001.s026.t026	es001.s026.t026	bn:00116360r						
es001.s026.t028	es001.s026.t028	bn:00089246v						
es001.s026.t029	es001.s026.t029	bn:00018141n	wiki:quimioterapia					
es001.s026.t030	es001.s026.t030	bn:00114297r	bn:00114423r					
es001.s027.t002	es001.s027.t002	bn:00085450v						
es001.s027.t004	es001.s027.t004	bn:00021961n	bn:00046065n					
es001.s027.t006	es001.s027.t006	bn:00602447n						
es001.s027.t008	es001.s027.t008	bn:00020872n	bn:00020878n	bn:00020884n				
es001.s027.t010	es001.s027.t010	bn:00577781n	wiki:cisplatino					
es001.s027.t013	es001.s027.t013	bn:00021961n	bn:00046065n					
es001.s027.t015	es001.s027.t015	bn:00577781n	wiki:cisplatino					
es001.s027.t016	es001.s027.t016	bn:00082365v						
es001.s027.t018	es001.s027.t018	bn:00106121a						
es001.s028.t004	es001.s028.t004	bn:00047235n	bn:00076843n	wiki:tratamiento_(medicina)				
es001.s028.t004	es001.s028.t006	bn:01853831n						
es001.s028.t004	es001.s028.t008	bn:08342574n	wiki:tratamiento_del_cáncer_de_pulmón					
es001.s028.t006	es001.s028.t006	bn:00015180n	wiki:cáncer					
es001.s028.t006	es001.s028.t008	bn:00052343n	wiki:cáncer_de_pulmón					
es001.s028.t008	es001.s028.t008	bn:00052341n	wiki:pulmón					
es001.s028.t010	es001.s028.t010	bn:00054742n						
es001.s028.t013	es001.s028.t013	bn:00085450v						
es001.s028.t015	es001.s028.t015	bn:00021961n	bn:00046065n					
es001.s028.t017	es001.s028.t017	bn:00602447n						
es001.s028.t021	es001.s028.t021	bn:01537207n	wiki:docetaxel					
es001.s028.t024	es001.s028.t024	bn:00031708n	bn:00054128n	bn:00061887n	wiki:medicamento	wiki:prescripción_(medicina)		
es001.s028.t027	es001.s028.t027	bn:00015180n	wiki:cáncer					
es001.s028.t031	es001.s028.t031	bn:00030952n	bn:00067181n	bn:00074790n	wiki:informe			
es001.s028.t032	es001.s028.t032	bn:00082225v	bn:00082311v	bn:00087107v	bn:00087108v			
es001.s028.t035	es001.s028.t035	bn:00061017n	wiki:paciente					
es001.s028.t037	es001.s028.t037	bn:00002171n	bn:00027546n	bn:00045952n	bn:00071428n	wiki:enfermedad		
es001.s028.t039	es001.s028.t039	bn:00088478v						
es001.s028.t041	es001.s028.t041	bn:00054585n	wiki:metástasis					
es001.s028.t044	es001.s028.t044	bn:00089246v						
es001.s028.t045	es001.s028.t045	bn:00018141n	wiki:quimioterapia					
es001.s028.t046	es001.s028.t046	bn:00114297r	bn:00114512r					
es001.s029.t001	es001.s029.t001	bn:00602447n						
es001.s029.t002	es001.s029.t002	bn:00114246r						
es001.s029.t004	es001.s029.t004	bn:00085450v						
es001.s029.t006	es001.s029.t006	bn:00848690n	wiki:gemcitabina					
es001.s029.t009	es001.s029.t009	bn:00031708n	bn:00054128n	bn:00061887n	wiki:medicamento	wiki:prescripción_(medicina)		
es001.s029.t012	es001.s029.t012	bn:00015180n	wiki:cáncer					
es001.s029.t017	es001.s029.t017	bn:00020872n	bn:00020878n	bn:00020884n				
es001.s029.t019	es001.s029.t019	bn:00577781n	wiki:cisplatino					
es001.s029.t023	es001.s029.t023	bn:00030952n	bn:00067181n	bn:00074790n	wiki:informe			
es001.s029.t026	es001.s029.t026	bn:00061017n	wiki:paciente					
es001.s029.t030	es001.s029.t030	bn:00089246v						
es001.s029.t031	es001.s029.t031	bn:00018141n	wiki:quimioterapia					
es001.s029.t034	es001.s029.t034	bn:00015180n	wiki:cáncer					
es001.s029.t034	es001.s029.t036	bn:00052343n	wiki:cáncer_de_pulmón					
es001.s029.t036	es001.s029.t036	bn:00052341n	wiki:pulmón					
es001.s029.t037	es001.s029.t037	bn:00114297r	bn:00114512r					
es001.s030.t004	es001.s030.t004	bn:00030952n	bn:00067181n	bn:00074790n	wiki:informe			
es001.s030.t007	es001.s030.t007	bn:00023853n	wiki:norma_(tecnología)					
es001.s030.t008	es001.s030.t008	bn:00098086a	bn:00105809a	bn:00106332a				
es001.s030.t010	es001.s030.t010	bn:00005164n	bn:00006502n	wiki:aproximación	wiki:estimación			
es001.s030.t013	es001.s030.t013	bn:00029876n	bn:00029877n	bn:00029888n	wiki:efectividad			
es001.s030.t016	es001.s030.t016	bn:00077268n						
es001.s030.t018	es001.s030.t018	bn:00030811n	bn:03155178n					
es001.s030.t021	es001.s030.t021	bn:00061017n	wiki:paciente					
es001.s031.t002	es001.s031.t002	bn:00009905n	bn:00037022n					
es001.s031.t004	es001.s031.t004	bn:00086567v	bn:00092109v					
es001.s031.t005	es001.s031.t005	bn:00089240v						
es001.s031.t006	es001.s031.t006	bn:00602447n						
es001.s031.t009	es001.s031.t009	bn:00030952n	bn:00067181n	bn:00074790n	wiki:informe			
es001.s032.t001	es001.s032.t001	bn:00602447n						
es001.s032.t002	es001.s032.t002	bn:00087274v	bn:00090070v					
es001.s032.t004	es001.s032.t004	bn:00077268n						
es001.s032.t006	es001.s032.t006	bn:00030811n	bn:00075436n	bn:03155178n				
es001.s032.t009	es001.s032.t009	bn:00061017n	wiki:paciente					
es001.s032.t011	es001.s032.t011	bn:00054512n	wiki:mesotelioma					
es001.s032.t012	es001.s032.t012	bn:00108692a						
es001.s032.t013	es001.s032.t013	bn:00106363a						
es001.s033.t002	es001.s033.t002	bn:00061017n	wiki:paciente					
es001.s033.t004	es001.s033.t004	bn:00089246v						
es001.s033.t005	es001.s033.t005	bn:00602447n						
es001.s033.t007	es001.s033.t007	bn:00577781n	wiki:cisplatino					
es001.s033.t008	es001.s033.t008	bn:00085382v	bn:00087617v					
es001.s033.t010	es001.s033.t010	bn:00005677n	bn:00007449n	bn:00054001n	wiki:esperanza_matemática	wiki:media	wiki:media_(matemáticas)	wiki:media_aritmética
es001.s033.t013	es001.s033.t013	bn:00055794n	wiki:mes					
es001.s033.t017	es001.s033.t017	bn:00030811n	bn:03155178n					
es001.s033.t020	es001.s033.t020	bn:00071414n						
es001.s033.t021	es001.s033.t021	bn:00084532v	bn:00087136v					
es001.s033.t022	es001.s033.t022	bn:00114234r	bn:00114626r					
es001.s033.t024	es001.s033.t024	bn:00577781n	wiki:cisplatino					
es001.s033.t028	es001.s033.t028	bn:00055794n	wiki:mes					
es001.s034.t003	es001.s034.t003	bn:00047235n	bn:00076843n	wiki:tratamiento_(medicina)				
es001.s034.t005	es001.s034.t005	bn:00061017n	wiki:paciente					
es001.s034.t007	es001.s034.t007	bn:00015180n	wiki:cáncer					
es001.s034.t007	es001.s034.t009	bn:00052343n	wiki:cáncer_de_pulmón					
es001.s034.t009	es001.s034.t009	bn:00052341n	wiki:pulmón					
es001.s034.t011	es001.s034.t011	bn:00054742n						
es001.s034.t013	es001.s034.t013	bn:00602447n						
es001.s034.t015	es001.s034.t015	bn:00114354r						
es001.s034.t016	es001.s034.t016	bn:00102038a	bn:00102040a					
es001.s034.t019	es001.s034.t019	bn:00031708n	bn:00054128n	bn:00061887n	wiki:medicamento	wiki:prescripción_(medicina)		
es001.s034.t021	es001.s034.t021	bn:00021297n	bn:00021303n					
es001.s035.t003	es001.s035.t003	bn:00061017n	wiki:paciente					
es001.s035.t006	es001.s035.t006	bn:00089246v						
es001.s035.t007	es001.s035.t007	bn:00018141n	wiki:quimioterapia					
es001.s035.t008	es001.s035.t008	bn:00114297r	bn:00114512r					
es001.s035.t011	es001.s035.t011	bn:00077268n						
es001.s035.t012	es001.s035.t012	bn:00097854a						
es001.s035.t014	es001.s035.t014	bn:00030811n	bn:00075436n	bn:03155178n				
es001.s035.t018	es001.s035.t018	bn:00055794n	wiki:mes					
es001.s035.t020	es001.s035.t020	bn:00602447n						
es001.s035.t023	es001.s035.t023	bn:00055794n	wiki:mes					
es001.s035.t025	es001.s035.t025	bn:01537207n	wiki:docetaxel					
es001.s036.t002	es001.s036.t002	bn:00061017n	wiki:paciente					
es001.s036.t006	es001.s036.t006	bn:00089246v						
es001.s036.t007	es001.s036.t007	bn:00114297r	bn:00114512r					
es001.s036.t008	es001.s036.t008	bn:00018141n	wiki:quimioterapia					
es001.s036.t010	es001.s036.t011	bn:00077267n	bn:00077268n					
es001.s036.t011	es001.s036.t011	bn:00077268n						
es001.s036.t012	es001.s036.t012	bn:00097854a						
es001.s036.t014	es001.s036.t014	bn:00030811n	bn:00075436n	bn:03155178n				
es001.s036.t018	es001.s036.t018	bn:00055794n	wiki:mes					
es001.s036.t021	es001.s036.t021	bn:00041942n	bn:00072536n	wiki:grupo_social				
es001.s037.t001	es001.s037.t001	bn:00114216r						
es001.s037.t004	es001.s037.t004	bn:00061017n	wiki:paciente					
es001.s037.t007	es001.s037.t007	bn:00030952n	bn:00067181n	bn:00074790n	wiki:informe			
es001.s037.t009	es001.s037.t009	bn:00015180n	wiki:cáncer					
es001.s037.t011	es001.s037.t011	bn:00082426v	bn:00082427v					
es001.s037.t014	es001.s037.t014	bn:00017027n	wiki:célula					
es001.s037.t014	es001.s037.t015	bn:00073708n	bn:08363874n	wiki:células_escamosas	wiki:epitelio_escamoso_estratificado			
es001.s037.t016	es001.s037.t016	bn:00087013v	bn:00088078v					
es001.s037.t018	es001.s037.t018	bn:00098342a						
es001.s037.t019	es001.s037.t019	bn:00077268n						
es001.s037.t021	es001.s037.t021	bn:00030811n	bn:00075436n	bn:03155178n				
es001.s037.t023	es001.s037.t023	bn:00089246v						
es001.s037.t024	es001.s037.t024	bn:00602447n						
es001.s037.t027	es001.s037.t027	bn:00089246v						
es001.s037.t029	es001.s037.t029	bn:00031708n	bn:00054128n	bn:00061887n	wiki:medicamento	wiki:prescripción_(medicina)		
es001.s037.t031	es001.s037.t031	bn:00021297n	bn:00021303n					
es001.s038.t001	es001.s038.t001	bn:00114842r						
es001.s038.t004	es001.s038.t004	bn:00061017n	wiki:paciente					
es001.s038.t006	es001.s038.t006	bn:00015180n	wiki:cáncer					
es001.s038.t008	es001.s038.t008	bn:00082426v	bn:00082427v					
es001.s038.t011	es001.s038.t011	bn:00017027n	wiki:célula					
es001.s038.t011	es001.s038.t012	bn:00073708n	bn:08363874n	wiki:células_escamosas	wiki:epitelio_escamoso_estratificado			
es001.s038.t013	es001.s038.t013	bn:00087013v	bn:00088078v					
es001.s038.t014	es001.s038.t014	bn:00077268n						
es001.s038.t016	es001.s038.t016	bn:00030811n	bn:00075436n	bn:03155178n				
es001.s038.t017	es001.s038.t017	bn:00116284r						
es001.s038.t018	es001.s038.t018	bn:00098854a	bn:00102300a					
es001.s038.t022	es001.s038.t022	bn:00084532v	bn:00087136v					
es001.s038.t024	es001.s038.t024	bn:00602447n						
es002.s001.t001	es002.s001.t001	bn:08534138n						
es002.s001.t004	es002.s001.t004	bn:03466887n	wiki:calculadora_(windows)					
es002.s001.t005	es002.s001.t005	bn:00106488a	bn:00106489a					
es002.s001.t006	es002.s001.t006	bn:00083141v						
es002.s001.t009	es002.s001.t009	bn:00064652n	wiki:lenguaje_de_programación					
es002.s001.t009	es002.s001.t011	bn:00053492n	wiki:lenguaje_de_marcado					
es002.s001.t012	es002.s001.t012	bn:03313895n	wiki:mathml					
es002.s002.t001	es002.s002.t001	bn:00114905r	bn:00116382r					
es002.s002.t001	es002.s002.t003	bn:00058218n	wiki:presente_(tiempo)					
es002.s002.t005	es002.s002.t005	bn:00096151a	bn:00111427a					
es002.s002.t007	es002.s002.t007	bn:00082225v	bn:00082311v	bn:00087107v	bn:00087108v			
es002.s002.t008	es002.s002.t008	bn:00053826n	bn:00059128n	wiki:operación_matemática				
es002.s002.t009	es002.s002.t009	bn:00102111a						
es002.s002.t011	es002.s002.t011	bn:00097495a						
es002.s002.t013	es002.s002.t013	bn:00106117a						
es002.s002.t015	es002.s002.t015	bn:00082705v						
es002.s002.t016	es002.s002.t016	bn:03313895n	wiki:mathml					
es002.s002.t019	es002.s002.t019	bn:00089839v						
es002.s002.t021	es002.s002.t021	bn:00017904n	bn:00041412n	wiki:diagrama	wiki:gráfica_de_una_función			
es002.s002.t025	es002.s002.t026	bn:00076958n	bn:03099624n	wiki:dimensión_de_un_espacio_vectorial	wiki:tridimensional			
es002.s002.t026	es002.s002.t026	bn:00027152n	bn:03099624n	wiki:dimensión_de_un_espacio_vectorial				
es002.s003.t003	es002.s003.t003	bn:00107182a	bn:00107194a					
es002.s003.t004	es002.s003.t004	bn:00090141v	bn:00090143v					
es002.s003.t005	es002.s003.t005	bn:03313895n	wiki:mathml					
es002.s003.t007	es002.s003.t007	bn:00082705v	bn:00095474v					
es002.s003.t008	es002.s003.t008	bn:08534138n						
es002.s004.t001	es002.s004.t001	bn:08534138n						
es002.s004.t004	es002.s004.t004	bn:03466887n	wiki:calculadora_(windows)					
es002.s004.t004	es002.s004.t005	bn:02710162n	wiki:calculadora_gráfica					
es002.s004.t005	es002.s004.t005	bn:00103741a						
es002.s004.t006	es002.s004.t006	bn:00083141v						
es002.s004.t008	es002.s004.t008	bn:03313895n	wiki:mathml					
es002.s005.t004	es002.s005.t004	bn:00009632n	bn:00009633n					
es002.s005.t006	es002.s005.t006	bn:00091199v						
es002.s005.t008	es002.s005.t008	bn:03313895n	wiki:mathml					
es002.s005.t010	es002.s005.t010	bn:00114119r	bn:00114905r					
es002.s005.t013	es002.s005.t013	bn:00082705v	bn:00095474v					
es002.s005.t016	es002.s005.t016	bn:00023661n	bn:00046516n	wiki:alma_en_pena	wiki:individuo	wiki:persona		
es002.s005.t019	es002.s005.t019	bn:00089240v						
es002.s005.t021	es002.s005.t021	bn:00020452n	bn:00030716n	wiki:aprendizaje	wiki:conocimiento			
es002.s005.t022	es002.s005.t022	bn:00106488a	bn:00106489a					
es002.s006.t001	es002.s006.t001	bn:00115639r	bn:00115640r					
es002.s006.t003	es002.s006.t003	bn:00086611v	bn:00093682v					
es002.s006.t008	es002.s006.t008	bn:00081292n	wiki:ventana_(informática)					
es002.s006.t009	es002.s006.t009	bn:00098086a	bn:00099598a	bn:00106332a				
es002.s006.t011	es002.s006.t011	bn:08534138n						
es002.s007.t001	es002.s007.t001	bn:00081292n	wiki:ventana_(informática)					
es002.s007.t002	es002.s007.t002	bn:00098086a	bn:00099598a	bn:00106332a				
es002.s007.t004	es002.s007.t004	bn:08534138n						
es002.s008.t002	es002.s008.t002	bn:00081292n	wiki:ventana_(informática)					
es002.s008.t003	es002.s008.t003	bn:00098086a	bn:00099598a	bn:00106332a				
es002.s008.t005	es002.s008.t005	bn:08534138n						
es002.s008.t006	es002.s008.t006	bn:00085498v						
es002.s008.t009	es002.s008.t009	bn:00120018n	wiki:navegación_por_pestañas					
es002.s008.t011	es002.s008.t011	bn:00020949n	wiki:línea_de_comandos					
es002.s008.t013	es002.s008.t013	bn:00017904n	bn:00041412n	wiki:diagrama	wiki:gráfica_de_una_función			
es002.s008.t014	es002.s008.t014	bn:00780722n	wiki:bidimensional					
es002.s008.t016	es002.s008.t016	bn:00017904n	bn:00041412n	wiki:diagrama	wiki:gráfica_de_una_función			
es002.s008.t017	es002.s008.t017	bn:00076958n	wiki:tridimensional					
es002.s008.t019	es002.s008.t019	bn:00026967n	wiki:diccionario					
es002.s009.t003	es002.s009.t003	bn:00120018n	wiki:navegación_por_pestañas					
es002.s009.t004	es002.s009.t004	bn:00082811v	bn:00084231v	bn:00086708v	bn:00088204v			
es002.s009.t006	es002.s009.t006	bn:00034274n	wiki:campo_(informática)					
es002.s009.t008	es002.s009.t008	bn:00031062n	bn:04599439n	wiki:entrada				
es002.s009.t011	es002.s009.t011	bn:00087594v	bn:00089861v					
es002.s009.t013	es002.s009.t013	bn:00036821n	wiki:función_matemática					
es002.s009.t015	es002.s009.t015	bn:00082225v	bn:00087107v	bn:00087108v				
es002.s009.t017	es002.s009.t017	bn:00014688n	bn:00014689n	wiki:cuenta_(matemáticas)				
es002.s010.t002	es002.s010.t002	bn:00092443v	bn:00095375v					
es002.s010.t004	es002.s010.t004	bn:00088629v						
es002.s010.t007	es002.s010.t007	bn:00082723v	bn:00095375v					
es002.s010.t011	es002.s010.t011	bn:00087594v	bn:00089861v					
es002.s010.t014	es002.s010.t014	bn:00084785v	bn:00085761v					
es002.s010.t016	es002.s010.t016	bn:03313895n	wiki:mathml					
es002.s010.t021	es002.s010.t021	bn:00107182a	bn:00107194a					
es002.s010.t022	es002.s010.t022	bn:00090141v	bn:00090143v					
es002.s010.t023	es002.s010.t023	bn:03313895n	wiki:mathml					
es002.s011.t002	es002.s011.t002	bn:00083141v						
es002.s011.t004	es002.s011.t004	bn:02561609n						
es002.s011.t007	es002.s011.t007	bn:00021164n	bn:00070499n	wiki:sentido_común				
es002.s011.t007	es002.s011.t008	bn:00021164n	wiki:sentido_común					
es002.s011.t008	es002.s011.t008	bn:00100090a	bn:00100091a	bn:00100095a				
es002.s011.t015	es002.s011.t015	bn:00097717a						
es002.s012.t003	es002.s012.t003	bn:00114246r						
es002.s012.t007	es002.s012.t007	bn:02561609n						
es002.s012.t009	es002.s012.t009	bn:03857246n	wiki:maxima					
es002.s012.t011	es002.s012.t011	bn:03668936n	wiki:maple_(software)					
es002.s012.t017	es002.s012.t017	bn:00115300r	bn:00116789r					
es002.s012.t018	es002.s012.t018	bn:00096782a	bn:00105977a	bn:00110647a				
es002.s013.t006	es002.s013.t006	bn:00001296n	wiki:suma	wiki:sumatorio				
es002.s013.t008	es002.s013.t008	bn:00055233n	wiki:resta	wiki:signos_más_y_menos				
es002.s013.t010	es002.s013.t010	bn:00056300n	wiki:multiplicación					
es002.s013.t012	es002.s013.t012	bn:00027919n	wiki:división_(matemática)					
es002.s014.t005	es002.s014.t005	bn:00032355n	bn:00032362n	wiki:potenciación				
es002.s014.t008	es002.s014.t008	bn:00082705v	bn:00095474v					
es002.s014.t013	es002.s014.t013	bn:00001965n						
es002.s015.t001	es002.s015.t001	bn:00114246r	bn:00116128r					
es002.s015.t004	es002.s015.t004	bn:00082705v	bn:00095474v					
es002.s015.t006	es002.s015.t006	bn:00017752n	bn:09438926n	wiki:grafema				
es002.s015.t007	es002.s015.t007	bn:02529895n	bn:02574237n	wiki:unicode	wiki:utf-8			
es002.s016.t002	es002.s016.t002	bn:00032355n	bn:00032362n	wiki:potenciación				
es002.s016.t004	es002.s016.t004	bn:00114246r						
es002.s016.t006	es002.s016.t006	bn:00001965n	bn:00016529n	bn:00033729n				
es002.s016.t008	es002.s016.t008	bn:00087895v						
es002.s016.t009	es002.s016.t009	bn:00068247n						
es002.s017.t003	es002.s017.t003	bn:00082536v						
es002.s017.t004	es002.s017.t004	bn:00082858v	bn:00086464v	bn:00086468v				
es002.s017.t006	es002.s017.t006	bn:00079581n	bn:00079583n	wiki:variable	wiki:variable_(programación)			
es002.s017.t007	es002.s017.t007	bn:00083798v						
es002.s017.t010	es002.s017.t010	bn:00036821n	wiki:función_matemática					
es002.s018.t005	es002.s018.t005	bn:00082705v	bn:00095474v					
es002.s018.t007	es002.s018.t007	bn:00086464v	bn:00086468v					
es002.s018.t009	es002.s018.t009	bn:00064072n						
es002.s019.t005	es002.s019.t005	bn:00060753n						
es002.s019.t005	es002.s019.t006	bn:00060753n						
es002.s019.t006	es002.s019.t006	bn:00111596a						
es002.s019.t007	es002.s019.t007	bn:00082811v	bn:00086708v	bn:00088204v				
es002.s019.t009	es002.s019.t009	bn:00036821n	wiki:función_matemática					
es002.s019.t011	es002.s019.t011	bn:00084848v	bn:00086567v					
es002.s019.t018	es002.s019.t018	bn:00059141n	bn:03744320n	wiki:operador				
es002.s020.t006	es002.s020.t006	bn:00087116v	bn:00092034v					
es002.s020.t009	es002.s020.t009	bn:00059141n	bn:03744320n	wiki:operador				
es002.s020.t016	es002.s020.t016	bn:00087116v	bn:00092034v					
es002.s020.t019	es002.s020.t019	bn:00036821n	wiki:función_matemática					
es002.s020.t021	es002.s020.t021	bn:00079373n	wiki:usuario_(informática)					
es002.s021.t005	es002.s021.t005	bn:00082705v	bn:00095474v					
es002.s021.t007	es002.s021.t007	bn:00086464v	bn:00086466v					
es002.s021.t009	es002.s021.t009	bn:00079508n						
es002.s021.t012	es002.s021.t012	bn:00079581n	bn:00079583n	wiki:variable	wiki:variable_(programación)			
es002.s022.t003	es002.s022.t003	bn:00025928n	wiki:definición					
es002.s022.t005	es002.s022.t005	bn:00021645n						
es002.s022.t007	es002.s022.t007	bn:00036821n	wiki:función_matemática					
es002.s022.t008	es002.s022.t008	bn:00086466v						
es002.s022.t010	es002.s022.t010	bn:03132721n	wiki:función_definida_a_trozos					
es002.s023.t001	es002.s023.t001	bn:00082536v						
es002.s023.t002	es002.s023.t002	bn:00086464v	bn:00086466v					
es002.s023.t003	es002.s023.t003	bn:00053826n	bn:00059128n	wiki:operación_matemática				
es002.s023.t004	es002.s023.t004	bn:00100214a						
es002.s023.t006	es002.s023.t006	bn:08534138n						
es002.s024.t004	es002.s024.t004	bn:00021645n						
es002.s024.t007	es002.s024.t007	bn:00071529n	bn:00075652n	wiki:signo_lingüístico	wiki:símbolo			
es002.s024.t012	es002.s024.t012	bn:08534138n						
es002.s024.t013	es002.s024.t013	bn:00082705v						
es002.s024.t015	es002.s024.t015	bn:00021645n						
es002.s024.t019	es002.s024.t019	bn:00112146a						
es002.s024.t023	es002.s024.t023	bn:00082811v	bn:00084231v	bn:00086708v	bn:00088204v			
es002.s024.t025	es002.s024.t025	bn:00071529n	bn:00075652n	wiki:signo_lingüístico	wiki:símbolo			
es002.s024.t031	es002.s024.t031	bn:00021645n						
es002.s024.t033	es002.s024.t033	bn:00085649v						
es002.s024.t037	es002.s024.t037	bn:00100203a	bn:00102969a	bn:00105739a	bn:00105740a			
es002.s024.t038	es002.s024.t038	bn:00032099n						
es002.s025.t005	es002.s025.t005	bn:00082705v						
es002.s025.t007	es002.s025.t007	bn:00086466v						
es002.s025.t009	es002.s025.t009	bn:03305154n						
es002.s026.t002	es002.s026.t002	bn:00115300r	bn:00116789r					
es002.s026.t003	es002.s026.t003	bn:00104094a	bn:00113455a	bn:00113456a				
es002.s026.t006	es002.s026.t006	bn:00077267n	bn:00077269n					
es002.s026.t008	es002.s026.t008	bn:00095823v						
es002.s026.t010	es002.s026.t010	bn:00036821n	wiki:función_matemática					
es002.s026.t011	es002.s026.t011	bn:00086464v	bn:00086466v					
es002.s026.t013	es002.s026.t013	bn:03132721n	wiki:función_definida_a_trozos					
es002.s027.t001	es002.s027.t001	bn:00114424r	bn:00116383r					
es002.s027.t003	es002.s027.t003	bn:00082821v	bn:00092261v	bn:00092265v				
es002.s027.t007	es002.s027.t007	bn:00079373n	bn:01322530n	wiki:usuario_(informática)				
es002.s027.t008	es002.s027.t008	bn:00085522v						
es002.s027.t010	es002.s027.t010	bn:03313895n	wiki:mathml					
es002.s028.t002	es002.s028.t002	bn:00004451n						
es002.s028.t004	es002.s028.t004	bn:00101973a	bn:00102052a					
es002.s028.t009	es002.s028.t009	bn:00082225v	bn:00082311v	bn:00087107v	bn:00087108v			
es002.s028.t010	es002.s028.t010	bn:00053826n	wiki:operación_matemática					
es002.s028.t012	es002.s028.t012	bn:00036821n	wiki:función_matemática					
es002.s028.t016	es002.s028.t016	bn:00071709n	wiki:seno_(trigonometría)					
es002.s028.t021	es002.s028.t021	bn:00036821n	wiki:función_matemática					
es002.s028.t021	es002.s028.t022	bn:00019189n	wiki:función_trigonométrica					
es002.s028.t025	es002.s028.t025	bn:00001296n	wiki:suma	wiki:sumatorio				
es002.s028.t027	es002.s028.t027	bn:00053827n	wiki:productorio					
es002.s029.t002	es002.s029.t002	bn:00085860v	bn:00089815v					
es002.s029.t004	es002.s029.t004	bn:00035907n	bn:00078798n					
es002.s029.t004	es002.s029.t006	bn:03403506n						
es002.s029.t006	es002.s029.t006	bn:00036821n	wiki:función_matemática					
es002.s030.t002	es002.s030.t002	bn:00082705v						
es002.s030.t003	es002.s030.t003	bn:00001296n	wiki:suma	wiki:sumatorio				
es002.s030.t005	es002.s030.t005	bn:00053827n	wiki:productorio					
es002.s030.t008	es002.s030.t008	bn:00076924n						
es002.s030.t011	es002.s030.t011	bn:00082477v	bn:00085591v					
es002.s030.t013	es002.s030.t013	bn:00059141n	bn:03744320n	wiki:operador				
es002.s031.t002	es002.s031.t002	bn:00020949n	wiki:línea_de_comandos					
es002.s031.t004	es002.s031.t004	bn:08534138n						
es002.s031.t006	es002.s031.t006	bn:00114354r						
es002.s031.t007	es002.s031.t007	bn:00104094a	bn:00113455a	bn:00113456a				
es002.s031.t010	es002.s031.t010	bn:03466887n	wiki:calculadora_(windows)					
es002.s032.t001	es002.s032.t001	bn:00115639r	bn:00116504r					
es002.s032.t002	es002.s032.t002	bn:00088078v	bn:00089240v					
es002.s032.t004	es002.s032.t004	bn:00051508n						
es002.s032.t007	es002.s032.t007	bn:00079581n	bn:00079583n	wiki:variable	wiki:variable_(programación)			
es002.s033.t004	es002.s033.t004	bn:00019848n						
es002.s033.t011	es002.s033.t011	bn:00082691v						
es002.s033.t018	es002.s033.t018	bn:00084772v						
es002.s033.t020	es002.s033.t020	bn:00079508n						
es002.s033.t024	es002.s033.t024	bn:00001965n						
es002.s033.t026	es002.s033.t026	bn:00088310v						
es002.s034.t002	es002.s034.t002	bn:00087594v	bn:00089861v					
es002.s034.t004	es002.s034.t004	bn:00032395n	bn:03834028n	wiki:expresión_(informática)	wiki:fórmula_(expresión)			
es002.s034.t007	es002.s034.t007	bn:00079508n						
es002.s034.t010	es002.s034.t010	bn:00079581n	bn:00079583n	wiki:variable	wiki:variable_(programación)			
es002.s034.t014	es002.s034.t014	bn:00082553v	bn:00084772v					
es002.s034.t016	es002.s034.t016	bn:00092850v						
es002.s034.t018	es002.s034.t018	bn:00105739a	bn:00105740a					
es002.s034.t019	es002.s034.t019	bn:00034520n						
es002.s035.t001	es002.s035.t001	bn:00020947n	wiki:comando_(tecla)	wiki:control_(tecla)				
es002.s035.t002	es002.s035.t002	bn:00056688n	wiki:n					
es002.s037.t001	es002.s037.t001	bn:00020947n	wiki:comando_(tecla)	wiki:control_(tecla)				
es002.s037.t002	es002.s037.t002	bn:00049538n	wiki:l					
es002.s038.t001	es002.s038.t001	bn:00087107v	bn:00087823v					
es002.s038.t003	es002.s038.t003	bn:00020945n	wiki:comando_(informática)					
es002.s038.t006	es002.s038.t006	bn:00021475n	wiki:archivo_(informática)					
es002.s038.t008	es002.s038.t008	bn:00001965n						
es002.s038.t009	es002.s038.t009	bn:00100306a						
es002.s039.t002	es002.s039.t002	bn:00104094a	bn:00113455a	bn:00113456a				
es002.s039.t006	es002.s039.t006	bn:00086682v	bn:00086684v					
es002.s039.t008	es002.s039.t008	bn:00086466v						
es002.s039.t010	es002.s039.t010	bn:00050969n	wiki:biblioteca_(informática)					
es002.s039.t012	es002.s039.t012	bn:00092914v	bn:00092915v					
es002.s039.t014	es002.s039.t014	bn:00062309n	bn:00081568n					
es002.s039.t015	es002.s039.t015	bn:00097192a	bn:00108909a					
es002.s040.t001	es002.s040.t001	bn:00020947n	wiki:comando_(tecla)	wiki:control_(tecla)				
es002.s040.t002	es002.s040.t002	bn:00036962n	wiki:g					
es002.s040.t003	es002.s040.t003	bn:00090043v						
es002.s041.t001	es002.s041.t001	bn:00090043v						
es002.s041.t003	es002.s041.t003	bn:00020945n	wiki:comando_(informática)					
es002.s041.t006	es002.s041.t006	bn:00087594v	bn:00089861v					
es002.s041.t009	es002.s041.t009	bn:00083341v	bn:00088761v					
es002.s041.t011	es002.s041.t011	bn:03751534n						
es002.s042.t001	es002.s042.t001	bn:00084080v	bn:00086009v					
es002.s042.t003	es002.s042.t003	bn:00021475n	wiki:archivo_(informática)					
es002.s042.t003	es002.s042.t005	bn:00028018n	wiki:documento_de_texto					
es002.s042.t005	es002.s042.t005	bn:00076732n						
es002.s042.t008	es002.s042.t008	bn:00082357v	bn:00082575v	bn:00085831v				
es002.s042.t009	es002.s042.t009	bn:00082705v						
es002.s042.t011	es002.s042.t011	bn:00029775n	bn:00076736n	wiki:editor_de_texto				
es002.s042.t011	es002.s042.t013	bn:00076736n	wiki:editor_de_texto					
es002.s042.t013	es002.s042.t013	bn:00076732n						
es002.s042.t015	es002.s042.t015	bn:00115147r						
es002.s042.t016	es002.s042.t016	bn:03628723n	wiki:kate					
es002.s043.t001	es002.s043.t001	bn:00020947n	wiki:comando_(tecla)	wiki:control_(tecla)				
es002.s043.t002	es002.s043.t002	bn:00068673n	wiki:s					
es002.s043.t003	es002.s043.t003	bn:00090043v						
es002.s044.t001	es002.s044.t001	bn:00090043v						
es002.s044.t007	es002.s044.t007	bn:00034520n						
es002.s044.t010	es002.s044.t010	bn:00021475n	wiki:archivo_(informática)					
es002.s044.t011	es002.s044.t011	bn:00045087n	wiki:html					
es002.s044.t014	es002.s044.t014	bn:00089639v	bn:00092025v					
es002.s044.t016	es002.s044.t016	bn:00092023v						
es002.s045.t001	es002.s045.t001	bn:00020947n	wiki:comando_(tecla)	wiki:control_(tecla)				
es002.s045.t002	es002.s045.t002	bn:00065472n	wiki:q					
es002.s045.t003	es002.s045.t003	bn:03500215n						
es002.s046.t001	es002.s046.t001	bn:00085164v						
es002.s046.t003	es002.s046.t003	bn:00021492n	wiki:programa_informático					
es002.s047.t002	es002.s047.t002	bn:00082317v	bn:00082324v					
es002.s047.t004	es002.s047.t004	bn:00103741a						
es002.s047.t005	es002.s047.t005	bn:00780722n	wiki:bidimensional					
es002.s047.t007	es002.s047.t007	bn:08534138n						
es002.s047.t017	es002.s047.t017	bn:00120018n	wiki:navegación_por_pestañas					
es002.s047.t018	es002.s047.t018	bn:00103741a						
es002.s047.t019	es002.s047.t019	bn:00780722n	wiki:bidimensional					
es002.s047.t021	es002.s047.t021	bn:00115639r	bn:00116504r					
es002.s047.t024	es002.s047.t024	bn:00120018n	wiki:navegación_por_pestañas					
es002.s047.t025	es002.s047.t025	bn:00082317v	bn:03181108n					
es002.s047.t029	es002.s047.t029	bn:00082536v						
es002.s047.t030	es002.s047.t030	bn:00082317v	bn:00082324v					
es002.s047.t032	es002.s047.t032	bn:00107270a						
es002.s047.t033	es002.s047.t033	bn:00036821n	wiki:función_matemática					
es002.s048.t004	es002.s048.t004	bn:00086600v						
es002.s048.t006	es002.s048.t006	bn:00017904n	wiki:diagrama					
es002.s048.t008	es002.s048.t008	bn:00076732n						
es002.s048.t010	es002.s048.t010	bn:00031062n	bn:04599439n	wiki:entrada				
es002.s048.t014	es002.s048.t014	bn:00087594v	bn:00089861v					
es002.s048.t016	es002.s048.t016	bn:00036821n	wiki:función_matemática					
es002.s049.t002	es002.s049.t002	bn:00086682v	bn:00091028v					
es002.s049.t003	es002.s049.t003	bn:00082705v						
es002.s049.t005	es002.s049.t005	bn:00036821n	wiki:función_matemática					
es002.s049.t006	es002.s049.t006	bn:00036821n	wiki:función_matemática					
es002.s049.t007	es002.s049.t007	bn:00102148a	bn:00112216a					
es002.s049.t011	es002.s049.t011	bn:00107182a	bn:00107194a					
es002.s049.t014	es002.s049.t014	bn:00086464v	bn:00086468v	bn:00091452v				
es002.s050.t003	es002.s050.t003	bn:00087594v	bn:00089861v					
es002.s050.t005	es002.s050.t005	bn:00036821n	wiki:función_matemática					
es002.s050.t009	es002.s050.t009	bn:03843242n	wiki:botón_(informática)					
es002.s050.t010	es002.s050.t010	bn:00082199v	bn:00082476v					
es002.s050.t012	es002.s050.t012	bn:00086525v	bn:00087238v					
es002.s050.t014	es002.s050.t014	bn:00017904n	bn:00041412n	wiki:diagrama	wiki:gráfica_de_una_función			
es002.s050.t017	es002.s050.t017	bn:00081292n	wiki:ventana_(informática)					
es002.s050.t018	es002.s050.t018	bn:00098086a	bn:00099598a	bn:00106332a				
es002.s051.t002	es002.s051.t002	bn:00108829a	bn:00108830a					
es002.s051.t003	es002.s051.t003	bn:00086525v	bn:00087238v					
es002.s051.t005	es002.s051.t005	bn:00017904n	bn:00041412n	wiki:diagrama	wiki:gráfica_de_una_función			
es002.s051.t008	es002.s051.t008	bn:00110075a						
es002.s051.t009	es002.s051.t009	bn:00079985n						
es002.s052.t003	es002.s052.t003	bn:00082705v						
es002.s052.t004	es002.s052.t004	bn:00114626r						
es002.s052.t006	es002.s052.t006	bn:03843242n	wiki:botón_(informática)					
es002.s052.t007	es002.s052.t007	bn:00082317v	bn:03181108n					
es002.s052.t010	es002.s052.t010	bn:00086708v	bn:00088204v					
es002.s052.t013	es002.s052.t013	bn:01622345n						
es002.s052.t014	es002.s052.t014	bn:00051508n						
es002.s053.t002	es002.s053.t002	bn:00082316v	bn:00082359v					
es002.s053.t004	es002.s053.t004	bn:00020726n	wiki:color					
es002.s053.t007	es002.s053.t007	bn:00017904n	bn:00041412n	wiki:diagrama	wiki:gráfica_de_una_función			
es003.s001.t002	es003.s001.t002	bn:00036064n	bn:00061947n	bn:00366263n	wiki:fundación_(derecho)			
es003.s001.t004	es003.s001.t004	bn:00089817v						
es003.s001.t005	es003.s001.t005	bn:00116085r						
es003.s001.t008	es003.s001.t008	bn:00059482n						
es003.s001.t011	es003.s001.t011	bn:00021721n	bn:00021723n	bn:00022333n	wiki:conferencia			
es003.s001.t014	es003.s001.t014	bn:00100676a	bn:00101009a					
es003.s001.t015	es003.s001.t015	bn:00017557n						
es003.s002.t001	es003.s002.t001	bn:00082907v						
es003.s002.t002	es003.s002.t002	bn:00116285r						
es003.s002.t005	es003.s002.t005	bn:00060798n						
es003.s002.t007	es003.s002.t007	bn:00009652n	bn:00067192n					
es003.s002.t010	es003.s002.t010	bn:00098086a	bn:00105809a	bn:00106332a	bn:00106334a			
es003.s002.t011	es003.s002.t011	bn:00041942n	bn:00072536n	wiki:grupo_social				
es003.s002.t011	es003.s002.t013	bn:00047082n	bn:08287525n	wiki:grupo_de_interés	wiki:grupo_de_presión			
es003.s002.t013	es003.s002.t013	bn:00021556n						
es003.s002.t017	es003.s002.t017	bn:00086342v	bn:00086942v					
es003.s002.t018	es003.s002.t018	bn:00001734n	bn:00043267n	bn:00047688n	bn:00047690n			
es003.s002.t022	es003.s002.t022	bn:00036823n	bn:00068130n	wiki:rol_social				
es003.s002.t025	es003.s002.t025	bn:00098086a	bn:00105809a	bn:00106332a	bn:00106334a			
es003.s002.t026	es003.s002.t026	bn:00001973n	bn:00001976n					
es003.s002.t032	es003.s002.t032	bn:00001961n	bn:00007293n	bn:00007299n	wiki:autoridad	wiki:gobierno	wiki:oficina	wiki:régimen_político
es003.s002.t033	es003.s002.t033	bn:00109211a	bn:00109212a					
es003.s002.t036	es003.s002.t036	bn:00047116n	bn:01232531n					
es003.s002.t036	es003.s002.t037	bn:01623772n						
es003.s002.t037	es003.s002.t037	bn:00110842a	bn:00110843a					
es003.s002.t040	es003.s002.t040	bn:00001423n	bn:00059480n	wiki:organización				
es003.s002.t040	es003.s002.t041	bn:00170328n						
es003.s002.t041	es003.s002.t041	bn:00100102a						
es003.s002.t044	es003.s002.t044	bn:02438777n	wiki:voluntariado					
es003.s002.t046	es003.s002.t046	bn:00114134r	bn:00114246r	bn:00115484r				
es003.s002.t049	es003.s002.t049	bn:00096707a						
es003.s002.t050	es003.s002.t050	bn:00079373n	bn:01322530n	wiki:usuario_(informática)				
es003.s003.t002	es003.s003.t002	bn:00088789v						
es003.s003.t005	es003.s003.t005	bn:00021584n	bn:00021587n					
es003.s003.t009	es003.s003.t009	bn:00107194a						
es003.s003.t010	es003.s003.t010	bn:00082379v						
es003.s003.t012	es003.s003.t012	bn:00005141n	bn:00017153n					
es003.s003.t013	es003.s003.t013	bn:00116284r						
es003.s003.t014	es003.s003.t014	bn:00100162a	bn:00108084a					
es003.s003.t016	es003.s003.t016	bn:00083239v						
es003.s003.t019	es003.s003.t019	bn:00079373n	bn:01322530n	wiki:usuario_(informática)				
es003.s003.t022	es003.s003.t022	bn:00088630v						
es003.s003.t025	es003.s003.t025	bn:00070651n	bn:00070653n	bn:00070677n	bn:08260930n	wiki:servicio_(economía)		
es003.s003.t027	es003.s003.t027	bn:00033729n						
es003.s003.t032	es003.s003.t032	bn:00027912n	bn:00070193n	wiki:segmento				
es003.s003.t035	es003.s003.t035	bn:00051046n	bn:00051047n					
es003.s003.t035	es003.s003.t036	bn:02021819n	wiki:vida_cotidiana					
es003.s003.t036	es003.s003.t036	bn:00100875a						
es003.s004.t002	es003.s004.t002	bn:00085649v						
es003.s004.t003	es003.s004.t003	bn:00058145n						
es003.s004.t004	es003.s004.t004	bn:00114246r						
es003.s004.t007	es003.s004.t007	bn:00027862n						
es003.s004.t009	es003.s004.t009	bn:00036823n						
es003.s004.t013	es003.s004.t013	bn:00070651n	bn:00070653n	bn:00070677n	bn:08260930n	wiki:servicio_(economía)		
es003.s005.t002	es003.s005.t002	bn:00036064n	bn:00061947n	bn:00366263n	wiki:fundación_(derecho)			
es003.s005.t003	es003.s005.t003	bn:00082779v	bn:00086753v					
es003.s005.t007	es003.s005.t007	bn:00021015n	bn:00021019n	wiki:comité				
es003.s005.t007	es003.s005.t008	bn:03895618n	wiki:comisión_europea					
es003.s005.t008	es003.s005.t008	bn:00102440a						
es003.s005.t011	es003.s005.t011	bn:00055180n	bn:03743591n	wiki:ministerio				
es003.s005.t012	es003.s005.t012	bn:00110978a						
es003.s005.t014	es003.s005.t014	bn:00001734n	bn:00014139n					
es003.s005.t014	es003.s005.t015	bn:00072541n	bn:00072552n	wiki:política_social	wiki:trabajo_social			
es003.s005.t015	es003.s005.t015	bn:00110842a	bn:00110843a					
es003.s005.t018	es003.s005.t018	bn:00021248n						
es003.s005.t018	es003.s005.t019	bn:03350497n	wiki:comunidad_autónoma					
es003.s005.t018	es003.s005.t021	bn:00037072n	wiki:galicia					
es003.s005.t019	es003.s005.t019	bn:00097829a						
es003.s005.t021	es003.s005.t021	bn:00037072n	wiki:galicia					
es003.s005.t024	es003.s005.t024	bn:00021721n	bn:00021723n	bn:00022333n	wiki:conferencia			
es003.s005.t025	es003.s005.t025	bn:00102440a						
es003.s005.t028	es003.s005.t028	bn:00043267n	bn:00074900n	wiki:tópico_literario				
es003.s005.t030	es003.s005.t030	bn:00053403n	bn:08443482n	wiki:exclusión_social	wiki:marginación			
es003.s005.t030	es003.s005.t031	bn:00053403n	bn:08443482n	wiki:exclusión_social	wiki:marginación			
es003.s005.t031	es003.s005.t031	bn:00110842a	bn:00110843a					
es003.s005.t034	es003.s005.t034	bn:00098342a						
es003.s005.t035	es003.s005.t035	bn:00017557n						
es003.s005.t038	es003.s005.t038	bn:00070651n	bn:00070677n	bn:08260930n	wiki:servicio_(economía)			
es003.s005.t038	es003.s005.t039	bn:00065098n	wiki:servicio_público					
es003.s005.t039	es003.s005.t039	bn:00109211a	bn:00109212a					
es003.s005.t041	es003.s005.t041	bn:00064839n						
es003.s005.t041	es003.s005.t042	bn:00072541n	bn:01777213n	wiki:política_social				
es003.s005.t042	es003.s005.t042	bn:00110842a	bn:00110843a					
es003.s006.t002	es003.s006.t002	bn:00036064n	bn:00061947n	bn:00366263n	wiki:fundación_(derecho)			
es003.s006.t003	es003.s006.t003	bn:00084099v	bn:00092023v					
es003.s006.t004	es003.s006.t004	bn:00116085r						
es003.s006.t007	es003.s006.t007	bn:00007786n						
es003.s006.t009	es003.s006.t009	bn:00064665n						
es003.s006.t012	es003.s006.t012	bn:00030952n	bn:00067181n	bn:00074790n	wiki:informe			
es003.s006.t013	es003.s006.t013	bn:00100121a	bn:00100122a					
es003.s006.t018	es003.s006.t018	bn:00082720v						
es003.s006.t021	es003.s006.t021	bn:00006383n	bn:00025966n	bn:00063237n				
es003.s006.t023	es003.s006.t023	bn:00030844n						
es003.s006.t024	es003.s006.t024	bn:00101412a	bn:00101413a					
es003.s006.t028	es003.s006.t028	bn:00014138n	bn:00081568n					
es003.s006.t030	es003.s006.t030	bn:00082927v						
es003.s006.t031	es003.s006.t031	bn:00114429r						
es003.s006.t033	es003.s006.t033	bn:00037027n						
es003.s007.t002	es003.s007.t002	bn:00030952n	bn:00067181n	bn:00074790n	wiki:informe			
es003.s007.t004	es003.s007.t004	bn:00083141v						
es003.s007.t007	es003.s007.t007	bn:00047238n	wiki:entrevista_periodística					
es003.s007.t008	es003.s007.t008	bn:00108488a	bn:00108489a					
es003.s007.t010	es003.s007.t010	bn:00102158a						
es003.s007.t011	es003.s007.t011	bn:00018319n						
es003.s007.t014	es003.s007.t014	bn:00047116n	bn:01232531n					
es003.s007.t014	es003.s007.t015	bn:01623772n						
es003.s007.t015	es003.s007.t015	bn:00110842a	bn:00110843a					
es003.s007.t019	es003.s007.t019	bn:00014731n						
es003.s007.t021	es003.s007.t021	bn:00026428n	bn:00047203n	bn:00067199n				
es003.s007.t023	es003.s007.t023	bn:00097799a	bn:00104680a					
es003.s007.t024	es003.s007.t024	bn:00001423n	bn:00059480n	wiki:organización				
es003.s007.t025	es003.s007.t025	bn:00107136a	bn:00107137a	bn:00107138a				
es003.s007.t028	es003.s007.t028	bn:00011771n	bn:00023235n	wiki:estado	wiki:país			
es003.s007.t028	es003.s007.t029	bn:00031903n						
es003.s007.t029	es003.s007.t029	bn:00102440a						
es003.s008.t002	es003.s008.t002	bn:00046575n	bn:00046576n	wiki:industria				
es003.s008.t004	es003.s008.t004	bn:00054550n	wiki:metal					
es003.s008.t007	es003.s008.t008	bn:00008415n						
es003.s008.t010	es003.s008.t010	bn:00085499v	bn:00089660v	bn:00089661v				
es003.s008.t011	es003.s008.t011	bn:00114246r						
es003.s008.t013	es003.s008.t013	bn:00007021n	bn:00007028n	bn:00016015n	bn:00021988n	bn:00072718n		
es003.s008.t016	es003.s008.t016	bn:00071554n	bn:00081661n					
es003.s009.t002	es003.s009.t002	bn:00098086a	bn:00105809a	bn:00106332a	bn:00106334a			
es003.s009.t003	es003.s009.t003	bn:00059275n	bn:00073170n					
es003.s009.t006	es003.s009.t006	bn:00021721n	bn:00021723n	bn:00022333n	wiki:conferencia			
es003.s009.t008	es003.s009.t008	bn:00053403n	bn:08443482n	wiki:exclusión_social	wiki:marginación			
es003.s009.t012	es003.s009.t012	bn:00050521n						
es003.s009.t014	es003.s009.t014	bn:00067808n						
es003.s009.t019	es003.s009.t019	bn:00011651n						
es003.s009.t022	es003.s009.t022	bn:00030626n						
es003.s009.t024	es003.s009.t024	bn:00025569n	bn:00067001n					
es003.s009.t024	es003.s009.t025	bn:03792320n	bn:08481472n	wiki:relaciones_laborales				
es003.s009.t027	es003.s009.t027	bn:00001734n	bn:00014139n					
es003.s009.t027	es003.s009.t028	bn:00072541n	bn:00072552n	wiki:política_social	wiki:trabajo_social			
es003.s009.t028	es003.s009.t028	bn:00110842a	bn:00110843a					
es003.s009.t031	es003.s009.t031	bn:00021015n	bn:00021019n	wiki:comité				
es003.s009.t031	es003.s009.t032	bn:03895618n	wiki:comisión_europea					
es003.s009.t032	es003.s009.t032	bn:00102440a						
es003.s009.t036	es003.s009.t036	bn:00011638n	bn:00021015n	bn:00021019n	wiki:comité			
es003.s009.t036	es003.s009.t039	bn:00893206n	wiki:comité_de_las_regiones					
es003.s009.t039	es003.s009.t039	bn:00060767n						
es003.s009.t040	es003.s009.t041	bn:01019664n						
es003.s009.t043	es003.s009.t043	bn:00026427n	wiki:diputado					
es003.s009.t043	es003.s009.t046	bn:01941871n	wiki:diputado_al_parlamento_europeo					
es003.s009.t045	es003.s009.t045	bn:00060708n	wiki:parlamento					
es003.s009.t045	es003.s009.t046	bn:03855948n	wiki:parlamento_europeo					
es003.s009.t046	es003.s009.t046	bn:00102440a						
es003.s009.t047	es003.s009.t050	bn:03742029n	wiki:josé_maría_gil-robles_y_gil-delgado					
es003.s009.t052	es003.s009.t052	bn:00079435n	bn:00079921n	wiki:vicepresidente				
es003.s009.t054	es003.s009.t054	bn:00060708n	wiki:parlamento					
es003.s009.t054	es003.s009.t055	bn:03855948n	wiki:parlamento_europeo					
es003.s009.t055	es003.s009.t055	bn:00102440a						
es003.s009.t059	es003.s009.t059	bn:00011638n	bn:00021015n	bn:00021019n	wiki:comité			
es003.s009.t059	es003.s009.t062	bn:00893211n	wiki:comité_económico_y_social_europeo					
es003.s009.t060	es003.s009.t060	bn:00102001a	bn:00102002a					
es003.s009.t062	es003.s009.t062	bn:00110842a	bn:00110843a					
es003.s010.t003	es003.s010.t003	bn:00067181n	wiki:informe					
es003.s010.t004	es003.s010.t004	bn:00107136a	bn:00107137a	bn:00107138a				
es003.s010.t006	es003.s010.t006	bn:00085499v	bn:00089660v	bn:00089661v				
es003.s010.t011	es003.s010.t011	bn:00034797n	bn:00064710n					
es003.s010.t013	es003.s010.t013	bn:00098274a	bn:00098282a					
es003.s010.t014	es003.s010.t014	bn:00092635v	bn:00092638v					
es003.s010.t015	es003.s010.t015	bn:00061054n	bn:00063989n	wiki:praxis				
es003.s010.t017	es003.s010.t017	bn:00063329n	bn:00063330n					
es003.s010.t019	es003.s010.t019	bn:00001549n	bn:00030905n	bn:00046191n				
es003.s010.t022	es003.s010.t022	bn:00030626n	bn:00030933n	wiki:reclutamiento				
es003.s010.t025	es003.s010.t025	bn:00041853n	wiki:entrenamiento					
es003.s010.t028	es003.s010.t028	bn:00026695n	bn:00026696n	bn:00041978n				
es003.s010.t028	es003.s010.t029	bn:00792637n						
es003.s010.t029	es003.s010.t029	bn:00109069a	bn:00109070a	bn:00113655a				
es003.s010.t032	es003.s010.t032	bn:00030618n	bn:00081593n					
es003.s010.t036	es003.s010.t036	bn:00062700n	wiki:localización_geográfica					
es003.s010.t036	es003.s010.t038	bn:00081570n						
es003.s010.t038	es003.s010.t038	bn:00014138n						
es003.s010.t042	es003.s010.t042	bn:00021248n						
es003.s011.t002	es003.s011.t002	bn:00084931v						
es003.s011.t006	es003.s011.t006	bn:00031009n	bn:00034797n	bn:00833323n	wiki:iniciativa_popular			
es003.s011.t009	es003.s011.t009	bn:00011771n	bn:00023235n	wiki:estado	wiki:país			
es003.s011.t014	es003.s011.t014	bn:00074900n	wiki:tópico_literario					
es003.s011.t017	es003.s011.t017	bn:00030952n	bn:00067181n	bn:00074790n	wiki:informe			
es003.s011.t017	es003.s011.t019	bn:02395950n	wiki:estudio_de_caso					
es003.s011.t019	es003.s011.t019	bn:00016401n	bn:00016408n	bn:00032099n				
es003.s012.t003	es003.s012.t003	bn:00030952n	bn:00067181n	bn:00074790n	wiki:informe			
es003.s012.t003	es003.s012.t005	bn:02395950n	wiki:estudio_de_caso					
es003.s012.t005	es003.s012.t005	bn:00016401n	bn:00016408n	bn:00032099n				
es003.s012.t008	es003.s012.t008	bn:00082596v	bn:00089885v					
es003.s012.t010	es003.s012.t010	bn:00019219n	bn:08277717n	wiki:contexto				
es003.s012.t013	es003.s012.t013	bn:00031009n	bn:00034797n	bn:00064710n	bn:00833323n	wiki:iniciativa_popular		
es003.s012.t016	es003.s012.t016	bn:00067162n						
es003.s012.t019	es003.s012.t019	bn:00022334n	bn:00042117n					
es003.s012.t021	es003.s012.t021	bn:00030626n						
es003.s012.t025	es003.s012.t025	bn:00001423n	bn:00059480n	wiki:organización				
es003.s012.t030	es003.s012.t030	bn:00082720v						
es003.s012.t032	es003.s012.t032	bn:00001559n	bn:00009905n					
es003.s012.t034	es003.s012.t034	bn:00064527n	bn:09482133n					
es003.s012.t035	es003.s012.t035	bn:00086654v						
es003.s012.t038	es003.s012.t038	bn:00110075a						
es003.s013.t003	es003.s013.t003	bn:00082225v	bn:00082311v	bn:00087107v	bn:00087108v			
es003.s013.t004	es003.s013.t004	bn:00114134r	bn:00114246r	bn:00115484r				
es003.s013.t005	es003.s013.t005	bn:00080111n						
es003.s013.t007	es003.s013.t007	bn:00047238n	wiki:entrevista_periodística					
es003.s013.t009	es003.s013.t009	bn:00054276n						
es003.s013.t012	es003.s013.t012	bn:00042833n	bn:00073801n	wiki:estado_mayor	wiki:mano_de_obra	wiki:recursos_humanos		
es003.s014.t002	es003.s014.t002	bn:00030952n	bn:00067181n	bn:00074790n	wiki:informe			
es003.s014.t003	es003.s014.t003	bn:00107136a	bn:00107137a	bn:00107138a				
es003.s014.t004	es003.s014.t004	bn:00083187v						
es003.s014.t009	es003.s014.t009	bn:00067181n	wiki:informe					
es003.s014.t010	es003.s014.t010	bn:00102440a						
es003.s014.t015	es003.s014.t015	bn:00082392v	bn:00086822v	bn:00092916v				
es003.s014.t017	es003.s014.t017	bn:00108880a						
es003.s015.t002	es003.s015.t002	bn:00067181n	wiki:informe					
es003.s015.t005	es003.s015.t005	bn:00067163n						
es003.s015.t007	es003.s015.t007	bn:00034797n	bn:00064710n					
es003.s015.t009	es003.s015.t009	bn:00084099v	bn:00092023v					
es003.s015.t014	es003.s015.t014	bn:00088630v						
es003.s015.t018	es003.s015.t018	bn:00007785n						
es003.s015.t021	es003.s015.t021	bn:00021721n	bn:00021723n	bn:00022333n	wiki:conferencia			
es003.s015.t024	es003.s015.t024	bn:00084715v						
es003.s015.t026	es003.s015.t026	bn:00103172a						
es003.s015.t027	es003.s015.t027	bn:00007406n	wiki:otoño					
es003.s016.t002	es003.s016.t002	bn:00036064n	bn:00061947n	bn:00366263n	wiki:fundación_(derecho)			
es003.s016.t004	es003.s016.t004	bn:00082486v						
es003.s016.t005	es003.s016.t005	bn:00087137v	bn:00087138v					
es003.s016.t007	es003.s016.t007	bn:00017747n	bn:00017761n	bn:00017762n				
es003.s016.t010	es003.s016.t010	bn:00027042n	bn:00027043n					
es003.s016.t011	es003.s016.t011	bn:00082868v						
es003.s016.t014	es003.s016.t014	bn:00001936n						
es003.s016.t016	es003.s016.t016	bn:00043267n						
es003.s016.t018	es003.s016.t018	bn:00030626n	bn:00030933n	wiki:reclutamiento				
es003.s016.t020	es003.s016.t020	bn:00041853n	wiki:entrenamiento					
es003.s016.t023	es003.s016.t023	bn:00082596v	bn:00089885v					
es003.s016.t025	es003.s016.t025	bn:00016850n	bn:00080992n					
es003.s017.t002	es003.s017.t002	bn:00082596v						
es003.s017.t003	es003.s017.t003	bn:00114246r	bn:00116128r					
es003.s017.t005	es003.s017.t005	bn:00006383n	bn:00025966n	bn:00063237n				
es003.s017.t005	es003.s017.t007	bn:00063237n						
es003.s017.t007	es003.s017.t007	bn:00079985n						
es003.s017.t010	es003.s017.t010	bn:00047116n	bn:01232531n					
es003.s017.t010	es003.s017.t011	bn:01623772n						
es003.s017.t011	es003.s017.t011	bn:00110842a	bn:00110843a					
es003.s017.t013	es003.s017.t013	bn:00086761v	bn:00088817v					
es003.s017.t014	es003.s017.t014	bn:00102398a	bn:00110995a	bn:00110996a				
es003.s017.t015	es003.s017.t015	bn:00007021n	bn:00007028n					
es003.s017.t018	es003.s017.t018	bn:00064776n						
es003.s017.t020	es003.s017.t020	bn:00082148v	bn:00084456v	bn:00087115v	bn:00092783v	bn:00095653v		
es003.s017.t022	es003.s017.t022	bn:00027042n	bn:00027043n					
es003.s018.t002	es003.s018.t003	bn:00062709n						
es003.s018.t003	es003.s018.t003	bn:00062700n	wiki:localización_geográfica					
es003.s018.t006	es003.s018.t006	bn:00064665n						
es003.s018.t007	es003.s018.t007	bn:00087137v	bn:00087138v					
es003.s018.t009	es003.s018.t009	bn:00082720v						
es003.s018.t011	es003.s018.t011	bn:00034797n	bn:00064710n					
es003.s018.t014	es003.s018.t015	bn:02708132n	wiki:sector_público					
es003.s018.t015	es003.s018.t015	bn:00109211a	bn:00109212a					
es003.s018.t017	es003.s018.t017	bn:00107509a	bn:00109026a					
es003.s018.t019	es003.s018.t019	bn:00083173v						
es003.s018.t021	es003.s018.t021	bn:00051252n						
es003.s018.t023	es003.s018.t023	bn:00115235r						
es003.s018.t026	es003.s018.t026	bn:00030618n	bn:00081593n					
es003.s019.t002	es003.s019.t002	bn:00049573n	bn:00064665n	wiki:proyecto				
es003.s019.t005	es003.s019.t005	bn:00090460v	bn:00093452v					
es003.s019.t006	es003.s019.t006	bn:00003132n						
es003.s019.t009	es003.s019.t009	bn:00061406n	bn:00067456n	bn:00067457n	wiki:jubilación	wiki:pensión		
es003.s019.t013	es003.s019.t013	bn:00027476n	bn:00050314n	wiki:despido_laboral				
es003.s019.t016	es003.s019.t016	bn:00084317v						
es003.s019.t028	es003.s019.t028	bn:00109069a	bn:00109070a	bn:00113655a				
es003.s019.t031	es003.s019.t031	bn:00030618n	bn:00064681n	bn:00081593n				
es003.s020.t001	es003.s020.t001	bn:00082596v						
es003.s020.t002	es003.s020.t002	bn:00114246r	bn:00116128r					
es003.s020.t005	es003.s020.t005	bn:00006383n	bn:00025966n	bn:00063237n				
es003.s020.t006	es003.s020.t006	bn:00082304v						
es003.s020.t008	es003.s020.t008	bn:00037634n	bn:00070773n	wiki:género_(ciencias_sociales)	wiki:sexo			
es003.s020.t011	es003.s020.t011	bn:00065800n	wiki:raza_(clasificación_de_los_seres_humanos)					
es003.s020.t014	es003.s020.t014	bn:00030618n	bn:00064681n	bn:00081593n				
es003.s020.t017	es003.s020.t017	bn:00027538n	wiki:discriminación					
es003.s020.t019	es003.s020.t019	bn:00016851n						
es003.s020.t022	es003.s020.t022	bn:00001936n						
es003.s021.t002	es003.s021.t002	bn:00064665n						
es003.s021.t003	es003.s021.t003	bn:00089240v						
es003.s021.t003	es003.s021.t005	bn:00083239v						
es003.s021.t012	es003.s021.t012	bn:00034797n	bn:00064710n					
es003.s021.t014	es003.s021.t014	bn:00086455v						
es003.s021.t017	es003.s021.t017	bn:00035907n	bn:00078798n					
es003.s021.t019	es003.s021.t019	bn:00027538n	wiki:discriminación					
es003.s021.t022	es003.s021.t022	bn:00082075n	bn:00082076n					
es003.s021.t022	es003.s021.t023	bn:00023237n	wiki:medio_rural					
es003.s021.t023	es003.s021.t023	bn:00109997a	bn:00109998a					
es003.s021.t027	es003.s021.t027	bn:00106058a	bn:00106773a					
es003.s021.t027	es003.s021.t030	bn:03169699n	wiki:pequeña_y_mediana_empresa					
es003.s021.t029	es003.s021.t029	bn:00097857a						
es003.s021.t030	es003.s021.t030	bn:00014136n	bn:00021286n	bn:00022811n	bn:00031008n	wiki:corporación	wiki:empresa	
es003.s022.t002	es003.s022.t002	bn:00011771n	bn:00023235n	wiki:estado	wiki:país			
es003.s022.t002	es003.s022.t003	bn:00208447n	wiki:estado_miembro_de_la_unión_europea					
es003.s022.t003	es003.s022.t003	bn:00054276n						
es003.s022.t005	es003.s022.t005	bn:00085499v	bn:00089660v	bn:00089661v				
es003.s022.t008	es003.s022.t008	bn:00049573n	bn:00064665n	wiki:proyecto				
es003.s022.t010	es003.s022.t010	bn:00026684n	wiki:alemania					
es003.s022.t012	es003.s022.t012	bn:00009714n	wiki:bélgica					
es003.s022.t014	es003.s022.t014	bn:00036202n	wiki:francia					
es003.s022.t016	es003.s022.t016	bn:00030401n	wiki:grecia					
es003.s022.t018	es003.s022.t018	bn:00047705n	wiki:italia					
es003.s022.t020	es003.s022.t020	bn:00044423n	wiki:países_bajos					
es003.s022.t022	es003.s022.t022	bn:00013173n	wiki:bretaña_(nombre)	wiki:gran_bretaña	wiki:reino_unido			
es004.s001.t001	es004.s001.t001	bn:00082392v	bn:00086822v	bn:00092916v	bn:00094585v			
es004.s001.t006	es004.s001.t006	bn:00007097n	bn:00063584n					
es004.s001.t007	es004.s001.t007	bn:00103507a						
es004.s002.t003	es004.s002.t003	bn:00108977a						
es004.s002.t004	es004.s002.t004	bn:00028015n						
es004.s002.t006	es004.s002.t006	bn:00082392v	bn:00086822v	bn:00092916v	bn:00094585v			
es004.s002.t008	es004.s002.t008	bn:00067181n	wiki:informe					
es004.s002.t009	es004.s002.t009	bn:00109212a						
es004.s002.t010	es004.s002.t010	bn:00102440a						
es004.s002.t012	es004.s002.t012	bn:00005120n	bn:00031972n					
es004.s002.t016	es004.s002.t016	bn:00087869v	bn:00087870v					
es004.s002.t019	es004.s002.t019	bn:00005120n	bn:00031972n					
es004.s002.t021	es004.s002.t021	bn:00021015n	bn:00021019n	wiki:comité				
es004.s002.t023	es004.s002.t023	bn:00031708n	bn:00054128n	bn:00061887n	wiki:medicamento	wiki:prescripción_(medicina)		
es004.s002.t025	es004.s002.t025	bn:00030627n	bn:00036822n					
es004.s002.t026	es004.s002.t026	bn:00079883n	bn:00079888n	wiki:veterinaria				
es004.s002.t031	es004.s002.t031	bn:00087492v						
es004.s002.t034	es004.s002.t034	bn:00067181n	bn:00074790n	wiki:informe				
es004.s002.t035	es004.s002.t035	bn:00096400a	bn:00102542a	bn:00102548a				
es004.s002.t038	es004.s002.t038	bn:00090245v						
es004.s002.t041	es004.s002.t041	bn:00066562n						
es004.s002.t044	es004.s002.t044	bn:00019220n	bn:00064921n					
es004.s002.t046	es004.s002.t046	bn:00030627n	bn:00036822n	bn:00079370n				
es004.s002.t048	es004.s002.t048	bn:00031708n	bn:00054128n	bn:00061887n	wiki:medicamento	wiki:prescripción_(medicina)		
es004.s003.t003	es004.s003.t003	bn:00923812n						
es004.s004.t001	es004.s004.t001	bn:00923812n						
es004.s004.t002	es004.s004.t002	bn:00085499v						
es004.s004.t004	es004.s004.t005	bn:00377649n	wiki:fármaco					
es004.s004.t005	es004.s004.t005	bn:00096387a						
es004.s004.t006	es004.s004.t006	bn:00923812n						
es004.s004.t009	es004.s004.t009	bn:00087013v	bn:00088078v					
es004.s004.t011	es004.s004.t011	bn:00016529n	bn:00035907n					
es004.s004.t016	es004.s004.t016	bn:00072760n	wiki:disolución					
es004.s005.t005	es004.s005.t005	bn:00020726n	wiki:color					
es004.s005.t005	es004.s005.t006	bn:00059250n	wiki:naranja_(color)					
es004.s005.t006	es004.s005.t006	bn:00059250n	wiki:naranja_(color)					
es004.s005.t007	es004.s005.t007	bn:00105938a						
es004.s005.t009	es004.s005.t009	bn:00088078v	bn:00089240v					
es004.s005.t011	es004.s005.t011	bn:00057631n	bn:00072190n					
es004.s005.t014	es004.s005.t014	bn:00032604n	bn:00071434n					
es004.s005.t018	es004.s005.t018	bn:00082536v						
es004.s005.t019	es004.s005.t019	bn:00084611v	bn:00087101v	bn:00091453v				
es004.s005.t022	es004.s005.t022	bn:00042601n	wiki:un_medio					
es004.s006.t002	es004.s006.t002	bn:00052222n	wiki:comprimido	wiki:píldora				
es004.s006.t004	es004.s006.t004	bn:00090660v						
es004.s006.t007	es004.s006.t007	bn:00051872n	wiki:logotipo					
es004.s006.t008	es004.s006.t008	bn:03463336n	wiki:pfizer					
es004.s006.t011	es004.s006.t011	bn:00032604n	bn:00071434n					
es004.s006.t014	es004.s006.t014	bn:00003057n	wiki:letra					
es004.s006.t018	es004.s006.t018	bn:00003602n						
es004.s006.t020	es004.s006.t020	bn:00923812n						
es004.s007.t004	es004.s007.t004	bn:00082705v						
es004.s007.t005	es004.s007.t005	bn:00923812n						
es004.s008.t001	es004.s008.t001	bn:00923812n						
es004.s008.t004	es004.s008.t004	bn:00004656n	wiki:antiemético					
es004.s008.t006	es004.s008.t006	bn:00082954v						
es004.s008.t008	es004.s008.t008	bn:00008567n	bn:00027565n	wiki:regurgitación	wiki:vómito			
es004.s009.t002	es004.s009.t002	bn:00082705v						
es004.s009.t004	es004.s009.t004	bn:00015267n	wiki:canis_lupus_familiaris					
es004.s009.t007	es004.s009.t007	bn:00008467n	bn:00042049n					
es004.s009.t010	es004.s009.t010	bn:00008567n	bn:00027565n	wiki:regurgitación	wiki:vómito			
es004.s009.t012	es004.s009.t012	bn:00115147r						
es004.s009.t014	es004.s009.t014	bn:00084069v	bn:00084699v	bn:00084700v				
es004.s009.t017	es004.s009.t017	bn:00018141n	wiki:quimioterapia					
es004.s009.t019	es004.s009.t019	bn:00028872n	bn:00054128n	wiki:droga	wiki:medicamento			
es004.s009.t020	es004.s009.t020	bn:00082705v						
es004.s009.t023	es004.s009.t023	bn:00047235n	bn:00076843n	wiki:tratamiento_(medicina)				
es004.s009.t023	es004.s009.t025	bn:01853831n						
es004.s009.t025	es004.s009.t025	bn:00015180n	wiki:cáncer					
es004.s009.t031	es004.s009.t031	bn:00084069v						
es004.s009.t032	es004.s009.t032	bn:00008567n	bn:00027565n	wiki:regurgitación	wiki:vómito			
es004.s010.t004	es004.s010.t004	bn:00054018n						
es004.s010.t005	es004.s010.t005	bn:00111488a						
es004.s010.t009	es004.s010.t009	bn:00047235n	bn:00076843n	wiki:tratamiento_(medicina)				
es004.s010.t010	es004.s010.t010	bn:00079883n	bn:00079888n	wiki:veterinaria				
es004.s010.t013	es004.s010.t013	bn:00027011n	wiki:régimen_alimenticio					
es004.s010.t014	es004.s010.t014	bn:00102398a	bn:00108295a	bn:00108297a	bn:00110996a			
es004.s010.t016	es004.s010.t016	bn:00923812n						
es004.s010.t018	es004.s010.t018	bn:00082705v						
es004.s010.t019	es004.s010.t019	bn:00114246r						
es004.s010.t021	es004.s010.t021	bn:00047235n	bn:00076843n	wiki:tratamiento_(medicina)				
es004.s010.t023	es004.s010.t023	bn:00008567n	bn:00027565n	wiki:regurgitación	wiki:vómito			
es004.s010.t026	es004.s010.t026	bn:00046787n	wiki:inyección_(medicina)					
es004.s010.t029	es004.s010.t029	bn:00046787n	wiki:inyección_(medicina)					
es004.s010.t030	es004.s010.t030	bn:00085342v	bn:00088424v					
es004.s011.t003	es004.s011.t003	bn:00021961n	bn:00046065n					
es004.s011.t005	es004.s011.t005	bn:00923812n						
es004.s011.t008	es004.s011.t008	bn:00082365v						
es004.s011.t011	es004.s011.t011	bn:00061605n						
es004.s011.t015	es004.s011.t015	bn:00000086n	wiki:día					
es004.s012.t002	es004.s012.t002	bn:00082286v						
es004.s012.t003	es004.s012.t003	bn:00923812n						
es004.s013.t001	es004.s013.t001	bn:00923812n						
es004.s013.t002	es004.s013.t002	bn:00083629v	bn:00083630v	bn:00083636v	bn:00083642v			
es004.s013.t004	es004.s013.t004	bn:00066514n	wiki:receptor_celular					
es004.s013.t013	es004.s013.t013	bn:00069580n	wiki:sistema					
es004.s013.t013	es004.s013.t014	bn:00057341n	wiki:sistema_nervioso					
es004.s013.t013	es004.s013.t015	bn:00017184n	wiki:sistema_nervioso_central					
es004.s013.t014	es004.s013.t014	bn:00107232a						
es004.s013.t015	es004.s013.t015	bn:00099258a	bn:00099441a					
es004.s014.t002	es004.s014.t002	bn:00035907n	bn:00078798n					
es004.s014.t004	es004.s014.t004	bn:00030952n	bn:00067181n	bn:00074790n	wiki:informe			
es004.s014.t007	es004.s014.t007	bn:00082225v	bn:00082311v	bn:00087107v	bn:00087108v			
es004.s014.t009	es004.s014.t009	bn:00923812n						
es004.s015.t003	es004.s015.t003	bn:00082225v	bn:00082311v	bn:00084595v	bn:00087107v	bn:00087108v		
es004.s015.t005	es004.s015.t005	bn:00098342a	bn:00098345a					
es004.s015.t005	es004.s015.t006	bn:00008985n						
es004.s015.t006	es004.s015.t006	bn:00003602n	bn:00065552n					
es004.s015.t008	es004.s015.t008	bn:00067181n	bn:00074790n	wiki:informe				
es004.s015.t010	es004.s015.t010	bn:00923812n						
es004.s015.t012	es004.s015.t012	bn:00015267n	wiki:canis_lupus_familiaris					
es004.s015.t014	es004.s015.t014	bn:00049551n	wiki:laboratorio					
es004.s015.t017	es004.s015.t017	bn:00015267n	wiki:canis_lupus_familiaris					
es004.s015.t021	es004.s015.t021	bn:00079883n	bn:00079888n	wiki:veterinaria				
es004.s015.t024	es004.s015.t024	bn:00011771n	bn:00023235n	wiki:estado	wiki:país			
es004.s015.t024	es004.s015.t025	bn:00031903n						
es004.s015.t025	es004.s015.t025	bn:00102440a						
es004.s015.t028	es004.s015.t028	bn:00003341n	wiki:estados_unidos					
es004.s016.t002	es004.s016.t002	bn:00009905n	bn:00037022n	bn:00041059n				
es004.s016.t004	es004.s016.t004	bn:00086567v	bn:00092109v					
es004.s016.t005	es004.s016.t005	bn:00923812n						
es004.s016.t008	es004.s016.t008	bn:00067181n	bn:00074790n	wiki:informe				
es004.s017.t002	es004.s017.t002	bn:00021961n	bn:00034520n					
es004.s017.t005	es004.s017.t005	bn:00067181n	bn:00074790n	wiki:informe				
es004.s017.t006	es004.s017.t006	bn:00086567v	bn:00086679v	bn:00092109v				
es004.s017.t008	es004.s017.t008	bn:00923812n						
es004.s017.t010	es004.s017.t010	bn:00116284r						
es004.s017.t011	es004.s017.t011	bn:00102038a	bn:00102039a					
es004.s017.t014	es004.s017.t014	bn:00062717n	wiki:sustancia_placebo					
es004.s017.t017	es004.s017.t017	bn:00086708v						
es004.s017.t019	es004.s017.t019	bn:00008567n	bn:00027565n	wiki:regurgitación	wiki:vómito			
es004.s017.t022	es004.s017.t022	bn:00015267n	wiki:canis_lupus_familiaris					
es004.s017.t024	es004.s017.t024	bn:00089246v						
es004.s017.t026	es004.s017.t026	bn:00031708n	bn:00054128n	bn:00061887n	wiki:medicamento	wiki:prescripción_(medicina)		
es004.s017.t030	es004.s017.t030	bn:00015267n	wiki:canis_lupus_familiaris					
es004.s017.t032	es004.s017.t032	bn:00089246v						
es004.s017.t033	es004.s017.t033	bn:00062717n	wiki:sustancia_placebo					
es004.s017.t037	es004.s017.t037	bn:00047235n	bn:00076843n	wiki:tratamiento_(medicina)				
es004.s017.t041	es004.s017.t041	bn:00008467n	bn:00042049n	bn:00064298n	wiki:medicina_preventiva			
es004.s017.t043	es004.s017.t043	bn:00008567n	bn:00027565n	wiki:regurgitación	wiki:vómito			
es004.s018.t002	es004.s018.t002	bn:00047235n	bn:00076843n	wiki:tratamiento_(medicina)				
es004.s018.t005	es004.s018.t005	bn:00015267n	wiki:canis_lupus_familiaris					
es004.s018.t007	es004.s018.t007	bn:00008567n	bn:00027565n	wiki:regurgitación	wiki:vómito			
es004.s018.t011	es004.s018.t011	bn:00016529n	bn:00035907n					
es004.s018.t015	es004.s018.t015	bn:00004222n	wiki:animalia	wiki:fauna				
es004.s018.t017	es004.s018.t017	bn:00008567n	bn:00027565n	wiki:regurgitación	wiki:vómito			
es004.s018.t020	es004.s018.t020	bn:00089399v	bn:00092928v					
es004.s018.t025	es004.s018.t025	bn:00083115v						
es004.s018.t028	es004.s018.t028	bn:00102278a						
es004.s019.t003	es004.s019.t003	bn:00022190n						
es004.s019.t005	es004.s019.t005	bn:00047235n	bn:00076843n	wiki:tratamiento_(medicina)				
es004.s019.t008	es004.s019.t008	bn:00059954n						
es004.s019.t010	es004.s019.t010	bn:00082365v						
es004.s019.t012	es004.s019.t012	bn:00031708n	bn:00054128n	bn:00061887n	wiki:medicamento	wiki:prescripción_(medicina)		
es004.s019.t014	es004.s019.t014	bn:00004222n	wiki:animalia	wiki:fauna				
es004.s019.t016	es004.s019.t016	bn:00016529n	bn:00035907n					
es004.s020.t002	es004.s020.t002	bn:00047235n	bn:00076843n	wiki:tratamiento_(medicina)				
es004.s020.t004	es004.s020.t004	bn:00008567n	bn:00027565n	wiki:regurgitación	wiki:vómito			
es004.s020.t006	es004.s020.t006	bn:00082225v	bn:00082311v	bn:00087107v	bn:00087108v			
es004.s020.t007	es004.s020.t007	bn:00114250r	bn:00114251r					
es004.s020.t009	es004.s020.t009	bn:00006544n	wiki:disociación					
es004.s020.t012	es004.s020.t012	bn:00054018n						
es004.s020.t014	es004.s020.t014	bn:00075330n	bn:00075331n					
es004.s020.t017	es004.s020.t017	bn:00047235n	bn:00076843n	wiki:tratamiento_(medicina)				
es004.s020.t018	es004.s020.t018	bn:00079883n	bn:00079888n	wiki:veterinaria				
es004.s020.t020	es004.s020.t020	bn:00083173v						
es004.s020.t021	es004.s020.t021	bn:00114246r						
es004.s020.t023	es004.s020.t023	bn:00016850n	bn:00080992n					
es004.s020.t024	es004.s020.t024	bn:00103424a	bn:00104676a					
es004.s020.t026	es004.s020.t026	bn:00008567n	bn:00027565n	wiki:regurgitación	wiki:vómito			
es004.s021.t004	es004.s021.t004	bn:00021961n	bn:00046065n					
es004.s021.t004	es004.s021.t005	bn:00071445n	bn:00450782n	bn:00686074n	wiki:reacción_adversa_a_medicamento			
es004.s021.t005	es004.s021.t005	bn:00110247a	bn:00110248a	bn:00110249a				
es004.s021.t007	es004.s021.t007	bn:00923812n						
es004.s022.t001	es004.s022.t001	bn:00115495r						
es004.s022.t003	es004.s022.t003	bn:00923812n						
es004.s022.t005	es004.s022.t005	bn:00115530r						
es004.s022.t006	es004.s022.t006	bn:00082138v						
es004.s022.t009	es004.s022.t009	bn:00082365v						
es004.s022.t010	es004.s022.t010	bn:00114917r						
es004.s022.t012	es004.s022.t012	bn:00028320n	wiki:dosis					
es004.s022.t016	es004.s022.t016	bn:00019848n	bn:00056300n	wiki:multiplicación				
es004.s022.t018	es004.s022.t018	bn:00028320n	wiki:dosis					
es004.s022.t019	es004.s022.t019	bn:00082418v	bn:00092520v					
es004.s022.t022	es004.s022.t022	bn:00061605n						
es004.s022.t022	es004.s022.t024	bn:00061605n						
es004.s022.t024	es004.s022.t024	bn:00077267n	bn:00077268n					
es004.s022.t025	es004.s022.t025	bn:00087274v	bn:00090070v					
es004.s022.t029	es004.s022.t029	bn:00019848n	bn:00056300n	wiki:multiplicación				
es004.s022.t031	es004.s022.t031	bn:00022191n	bn:00022192n	bn:00029170n				
es004.s022.t032	es004.s022.t032	bn:00106517a						
es004.s022.t033	es004.s022.t033	bn:00082418v						
es004.s022.t035	es004.s022.t035	bn:00047235n	bn:00076843n	wiki:tratamiento_(medicina)				
es004.s023.t002	es004.s023.t002	bn:00042049n	bn:00064070n					
es004.s023.t004	es004.s023.t004	bn:00082379v						
es004.s023.t006	es004.s023.t006	bn:00023661n	bn:00046516n	wiki:alma_en_pena	wiki:individuo	wiki:persona		
es004.s023.t008	es004.s023.t008	bn:00082365v						
es004.s023.t010	es004.s023.t010	bn:00031708n	bn:00054128n	bn:00061887n	wiki:medicamento	wiki:prescripción_(medicina)		
es004.s023.t012	es004.s023.t012	bn:00083183v						
es004.s023.t014	es004.s023.t014	bn:00022113n	bn:00022114n	wiki:sistema_somatosensorial				
es004.s023.t017	es004.s023.t017	bn:00004222n	wiki:animalia	wiki:fauna				
es004.s024.t001	es004.s024.t001	bn:00923812n						
es004.s024.t003	es004.s024.t003	bn:00087013v	bn:00088078v					
es004.s024.t005	es004.s024.t005	bn:00030747n	wiki:peligro	wiki:riesgo				
es004.s024.t006	es004.s024.t006	bn:00102398a	bn:00108295a	bn:00110996a				
es004.s024.t009	es004.s024.t010	bn:00046516n	wiki:individuo	wiki:persona				
es004.s024.t010	es004.s024.t010	bn:00104385a	bn:00104386a					
