i001.s001.t002	i001.s001.t002	bn:00028015n						
i001.s001.t005	i001.s001.t005	bn:00075142n						
i001.s001.t008	i001.s001.t008	bn:00067181n	bn:08904168n	wiki:relazione_(testo)	wiki:report_informativo			
i001.s001.t009	i001.s001.t009	bn:00109211a						
i001.s001.t011	i001.s001.t011	bn:00005120n	bn:00031972n					
i001.s001.t012	i001.s001.t012	bn:00102440a						
i001.s002.t003	i001.s002.t003	bn:00086612v						
i001.s002.t005	i001.s002.t005	bn:00001965n						
i001.s002.t009	i001.s002.t009	bn:00011638n	bn:00021015n	wiki:comitato_(collegio)				
i001.s002.t009	i001.s002.t015	bn:00302314n						
i001.s002.t012	i001.s002.t012	bn:00054128n	bn:00061887n	wiki:farmaco				
i001.s002.t014	i001.s002.t014	bn:00030627n	bn:00079370n					
i001.s002.t015	i001.s002.t015	bn:00104385a						
i001.s002.t017	i001.s002.t017	bn:00302314n						
i001.s002.t020	i001.s002.t020	bn:00082720v						
i001.s002.t022	i001.s002.t022	bn:00074790n						
i001.s002.t022	i001.s002.t023	bn:00069678n	wiki:metodo_scientifico					
i001.s002.t023	i001.s002.t023	bn:00110175a						
i001.s002.t024	i001.s002.t024	bn:00082225v	bn:00082311v					
i001.s002.t027	i001.s002.t027	bn:00082799v						
i001.s002.t029	i001.s002.t029	bn:00001592n	bn:00066562n					
i001.s002.t032	i001.s002.t032	bn:00082705v	bn:00089140v					
i001.s002.t034	i001.s002.t034	bn:00054128n	bn:00061887n	wiki:farmaco				
i001.s003.t002	i001.s003.t002	bn:00104887a						
i001.s003.t003	i001.s003.t003	bn:00046705n	bn:00057548n	wiki:informazione				
i001.s003.t004	i001.s003.t004	bn:00083240v						
i001.s003.t006	i001.s003.t006	bn:00096707a						
i001.s003.t007	i001.s003.t007	bn:00021644n	bn:00021648n					
i001.s003.t012	i001.s003.t012	bn:00047235n	bn:00076843n	wiki:terapia				
i001.s003.t014	i001.s003.t014	bn:00092424v						
i001.s003.t016	i001.s003.t016	bn:00062308n						
i001.s003.t016	i001.s003.t017	bn:02573503n	wiki:foglietto_illustrativo					
i001.s003.t019	i001.s003.t019	bn:00082893v						
i001.s003.t024	i001.s003.t024	bn:00085574v	bn:00093431v					
i001.s003.t026	i001.s003.t026	bn:00027976n	bn:00054116n	wiki:medico				
i001.s003.t029	i001.s003.t029	bn:00004992n	wiki:farmacista	wiki:speziale				
i001.s004.t002	i001.s004.t002	bn:00104887a						
i001.s004.t003	i001.s004.t003	bn:00046705n	bn:00057548n	wiki:informazione				
i001.s004.t004	i001.s004.t004	bn:00066865n						
i001.s004.t006	i001.s004.t006	bn:00048673n						
i001.s004.t008	i001.s004.t008	bn:00001592n	bn:00066562n					
i001.s004.t010	i001.s004.t010	bn:00302314n						
i001.s004.t012	i001.s004.t012	bn:00092424v						
i001.s004.t014	i001.s004.t014	bn:00005601n	bn:00027523n	wiki:dibattito				
i001.s004.t015	i001.s004.t015	bn:00110175a						
i001.s004.t019	i001.s004.t019	bn:00082893v						
i001.s005.t002	i001.s005.t002	bn:00076924n						
i001.s005.t004	i001.s005.t004	bn:00602447n						
i001.s006.t001	i001.s006.t001	bn:00602447n						
i001.s006.t004	i001.s006.t004	bn:00029192n	bn:00063926n	wiki:polvere				
i001.s006.t006	i001.s006.t006	bn:00092532v						
i001.s006.t008	i001.s006.t008	bn:00072760n	wiki:soluzione_(chimica)					
i001.s006.t010	i001.s006.t010	bn:08927651n	wiki:infusione_(medicina)					
i001.s006.t012	i001.s006.t012	bn:00046787n	wiki:iniezione_(medicina)					
i001.s006.t013	i001.s006.t013	bn:00548470n						
i001.s006.t015	i001.s006.t015	bn:00548470n						
i001.s006.t017	i001.s006.t017	bn:00079681n	wiki:vena					
i001.s007.t001	i001.s007.t001	bn:00083225v	bn:00085499v					
i001.s007.t003	i001.s007.t004	bn:00377649n	wiki:principio_attivo					
i001.s007.t004	i001.s007.t004	bn:00096387a						
i001.s007.t005	i001.s007.t005	bn:00602447n						
i001.s008.t005	i001.s008.t005	bn:00082705v	bn:00089140v					
i001.s008.t006	i001.s008.t006	bn:00602447n						
i001.s009.t001	i001.s009.t001	bn:00602447n						
i001.s009.t003	i001.s009.t003	bn:00089682v						
i001.s009.t005	i001.s009.t005	bn:00047235n						
i001.s009.t007	i001.s009.t007	bn:00000075n	wiki:2_(numero)					
i001.s009.t008	i001.s009.t008	bn:00035907n	bn:00078798n					
i001.s009.t010	i001.s009.t010	bn:00057267n	wiki:neoplasia					
i001.s009.t013	i001.s009.t013	bn:00054512n	wiki:mesotelioma					
i001.s009.t014	i001.s009.t014	bn:00108692a						
i001.s009.t016	i001.s009.t016	bn:00057267n	wiki:neoplasia					
i001.s009.t018	i001.s009.t018	bn:00054285n	bn:00070625n	wiki:membrana_sierosa				
i001.s009.t022	i001.s009.t022	bn:00052341n	wiki:polmone					
i001.s009.t024	i001.s009.t024	bn:00114778r						
i001.s009.t025	i001.s009.t025	bn:00084069v	bn:00084699v					
i001.s009.t027	i001.s009.t027	bn:00032375n						
i001.s009.t029	i001.s009.t029	bn:00006236n	wiki:asbesto					
i001.s010.t001	i001.s010.t001	bn:00602447n						
i001.s010.t003	i001.s010.t003	bn:00082705v						
i001.s010.t005	i001.s010.t005	bn:00020872n						
i001.s010.t007	i001.s010.t007	bn:00577781n	wiki:cisplatino					
i001.s010.t010	i001.s010.t010	bn:00097165a	bn:00101348a	bn:00108011a				
i001.s010.t011	i001.s010.t011	bn:00024461n	bn:00054128n	bn:00061887n	wiki:farmaco			
i001.s010.t016	i001.s010.t016	bn:00057267n	wiki:neoplasia					
i001.s010.t019	i001.s010.t019	bn:00109675a						
i001.s010.t024	i001.s010.t024	bn:00082144v	bn:00092783v					
i001.s010.t028	i001.s010.t028	bn:00059129n	wiki:chirurgia					
i001.s010.t028	i001.s010.t029	bn:00059129n	wiki:chirurgia					
i001.s010.t029	i001.s010.t029	bn:00107916a						
i001.s010.t033	i001.s010.t033	bn:00106363a						
i001.s010.t037	i001.s010.t037	bn:00093332v						
i001.s010.t041	i001.s010.t041	bn:00105981a	bn:00105982a					
i001.s010.t043	i001.s010.t043	bn:00093332v						
i001.s010.t044	i001.s010.t044	bn:00115155r	bn:00116794r					
i001.s010.t048	i001.s010.t048	bn:00060765n						
i001.s010.t048	i001.s010.t050	bn:00011769n						
i001.s010.t050	i001.s010.t050	bn:00011744n	wiki:corpo_(anatomia)					
i001.s010.t054	i001.s010.t054	bn:00061017n	wiki:paziente					
i001.s010.t061	i001.s010.t061	bn:00004489n						
i001.s010.t063	i001.s010.t063	bn:00018141n	wiki:chemioterapia					
i001.s010.t065	i001.s010.t065	bn:00015180n	bn:00015910n	wiki:carcinoma	wiki:neoplasia#comportamento_biologico:_benignità_e_malignità			
i001.s010.t065	i001.s010.t066	bn:00052343n	wiki:carcinoma_del_polmone					
i001.s010.t066	i001.s010.t066	bn:00108724a						
i001.s010.t069	i001.s010.t069	bn:00106058a	bn:00106773a					
i001.s010.t070	i001.s010.t070	bn:00017027n	wiki:cellula					
i001.s010.t072	i001.s010.t072	bn:00025966n	bn:00061898n					
i001.s010.t073	i001.s010.t073	bn:00096532a						
i001.s010.t075	i001.s010.t075	bn:00106664a						
i001.s010.t078	i001.s010.t078	bn:00083240v						
i001.s010.t080	i001.s010.t080	bn:00017027n	wiki:cellula					
i001.s010.t080	i001.s010.t081	bn:00073708n	wiki:epitelio_pavimentoso					
i001.s011.t001	i001.s011.t001	bn:00602447n						
i001.s011.t003	i001.s011.t003	bn:00082705v	bn:00089140v					
i001.s011.t005	i001.s011.t005	bn:00006541n						
i001.s011.t007	i001.s011.t007	bn:00577781n	wiki:cisplatino					
i001.s011.t009	i001.s011.t009	bn:00061017n	wiki:paziente					
i001.s011.t011	i001.s011.t011	bn:00084532v	bn:00087116v	bn:00092032v				
i001.s011.t013	i001.s011.t013	bn:00060927n	bn:00060928n	wiki:passato				
i001.s011.t016	i001.s011.t016	bn:00114234r						
i001.s011.t018	i001.s011.t018	bn:00061017n	wiki:paziente					
i001.s011.t021	i001.s011.t021	bn:00060927n	bn:00060928n	wiki:passato				
i001.s011.t027	i001.s011.t027	bn:00097165a	bn:00101348a	bn:00108011a				
i001.s011.t028	i001.s011.t028	bn:00035907n	bn:00078798n					
i001.s011.t030	i001.s011.t030	bn:00018141n	wiki:chemioterapia					
i001.s012.t002	i001.s012.t002	bn:00054128n	bn:00061887n	wiki:farmaco				
i001.s012.t005	i001.s012.t005	bn:00082276v	bn:00091124v					
i001.s012.t006	i001.s012.t006	bn:00114234r						
i001.s012.t008	i001.s012.t008	bn:00064195n						
i001.s012.t008	i001.s012.t009	bn:08939907n	wiki:ricetta_medica_del_ssn					
i001.s013.t003	i001.s013.t003	bn:00082705v	bn:00089140v					
i001.s013.t004	i001.s013.t004	bn:00602447n						
i001.s014.t001	i001.s014.t001	bn:00602447n						
i001.s014.t004	i001.s014.t004	bn:00082365v						
i001.s014.t005	i001.s014.t005	bn:00114234r						
i001.s014.t008	i001.s014.t008	bn:00059908n						
i001.s014.t011	i001.s014.t011	bn:00027976n	bn:00054116n	wiki:medico				
i001.s014.t012	i001.s014.t012	bn:00110711a						
i001.s014.t015	i001.s014.t015	bn:00030627n	bn:00036822n	bn:00079370n				
i001.s014.t017	i001.s014.t017	bn:00018141n	wiki:chemioterapia					
i001.s015.t002	i001.s015.t002	bn:00028320n						
i001.s015.t005	i001.s015.t005	bn:00602447n						
i001.s015.t009	i001.s015.t009	bn:00054701n	wiki:ordini_di_grandezza_(massa)					
i001.s015.t011	i001.s015.t011	bn:00052501n	wiki:metro					
i001.s015.t011	i001.s015.t012	bn:00017102n	wiki:metro_quadrato					
i001.s015.t014	i001.s015.t014	bn:00005518n	bn:00075374n	wiki:area				
i001.s015.t014	i001.s015.t015	bn:03551355n						
i001.s015.t015	i001.s015.t015	bn:00098649a						
i001.s015.t017	i001.s015.t017	bn:00084373v						
i001.s015.t018	i001.s015.t018	bn:00082705v						
i001.s015.t020	i001.s015.t020	bn:00043544n	bn:00043545n	wiki:altezza_(geometria)	wiki:statura			
i001.s015.t023	i001.s015.t023	bn:00080831n	wiki:forza_peso					
i001.s015.t025	i001.s015.t025	bn:00061017n	wiki:paziente					
i001.s015.t028	i001.s015.t028	bn:00082365v						
i001.s015.t030	i001.s015.t030	bn:08927651n	wiki:infusione_(medicina)					
i001.s015.t030	i001.s015.t031	bn:00047280n	wiki:fleboclisi					
i001.s015.t031	i001.s015.t031	bn:00102230a						
i001.s015.t034	i001.s015.t034	bn:00055094n	wiki:minuto					
i001.s015.t036	i001.s015.t036	bn:00019848n						
i001.s015.t037	i001.s015.t037	bn:00102466a						
i001.s015.t038	i001.s015.t038	bn:00095975a						
i001.s015.t039	i001.s015.t039	bn:00043484n	wiki:settimana					
i001.s016.t002	i001.s016.t002	bn:00084079v						
i001.s016.t004	i001.s016.t004	bn:00021961n	bn:00029874n					
i001.s016.t008	i001.s016.t008	bn:00061017n	wiki:paziente					
i001.s016.t010	i001.s016.t010	bn:00085689v						
i001.s016.t012	i001.s016.t012	bn:00001507n	wiki:corticosteroide					
i001.s016.t014	i001.s016.t014	bn:00000902n	wiki:acido					
i001.s016.t014	i001.s016.t015	bn:00035585n	wiki:acido_folico					
i001.s016.t018	i001.s016.t018	bn:00035907n	bn:00078798n					
i001.s016.t020	i001.s016.t020	bn:00080147n	wiki:vitamine					
i001.s016.t023	i001.s016.t023	bn:00089246v						
i001.s016.t024	i001.s016.t024	bn:00046787n	wiki:iniezione_(medicina)					
i001.s016.t026	i001.s016.t026	bn:00080147n	wiki:vitamine					
i001.s016.t026	i001.s016.t027	bn:00004712n	bn:09027992n	wiki:cobalamina	wiki:vitamina_b12_(diete_vegetariane)			
i001.s016.t030	i001.s016.t030	bn:00047235n						
i001.s016.t032	i001.s016.t032	bn:00602447n						
i001.s017.t002	i001.s017.t002	bn:00602447n						
i001.s017.t004	i001.s017.t004	bn:00082365v						
i001.s017.t006	i001.s017.t006	bn:00577781n	wiki:cisplatino					
i001.s017.t009	i001.s017.t009	bn:00061017n	wiki:paziente					
i001.s017.t011	i001.s017.t011	bn:00085689v						
i001.s017.t013	i001.s017.t013	bn:00024461n	bn:00054128n	bn:00061887n	wiki:farmaco			
i001.s017.t013	i001.s017.t014	bn:00004656n	wiki:antiemetico					
i001.s017.t014	i001.s017.t014	bn:00004656n	wiki:antiemetico					
i001.s017.t017	i001.s017.t017	bn:00082954v	bn:00088454v					
i001.s017.t019	i001.s017.t019	bn:00027565n	wiki:vomito					
i001.s017.t022	i001.s017.t022	bn:00089246v						
i001.s017.t024	i001.s017.t024	bn:00096446a	bn:00096549a					
i001.s017.t025	i001.s017.t025	bn:00045347n						
i001.s017.t028	i001.s017.t028	bn:00082954v	bn:00088454v					
i001.s017.t030	i001.s017.t030	bn:00025982n	bn:00025983n	wiki:disidratazione				
i001.s017.t032	i001.s017.t032	bn:00114185r	bn:00114512r					
i001.s017.t034	i001.s017.t034	bn:00114165r						
i001.s017.t036	i001.s017.t036	bn:00022107n						
i001.s017.t038	i001.s017.t038	bn:00577781n	wiki:cisplatino					
i001.s018.t002	i001.s018.t002	bn:00047235n						
i001.s018.t005	i001.s018.t005	bn:00086459v						
i001.s018.t007	i001.s018.t007	bn:00082149v	bn:00083900v	bn:00083908v				
i001.s018.t011	i001.s018.t011	bn:00028320n						
i001.s018.t014	i001.s018.t014	bn:00084079v						
i001.s018.t017	i001.s018.t017	bn:00061017n	wiki:paziente					
i001.s018.t019	i001.s018.t019	bn:00017653n						
i001.s018.t022	i001.s018.t022	bn:00103861a						
i001.s018.t025	i001.s018.t025	bn:00082233v	bn:00092823v					
i001.s018.t027	i001.s018.t027	bn:00021961n	bn:00029874n					
i001.s019.t002	i001.s019.t002	bn:00030627n						
i001.s019.t004	i001.s019.t004	bn:00602447n						
i001.s019.t008	i001.s019.t008	bn:00061017n	wiki:paziente					
i001.s019.t010	i001.s019.t011	bn:00067102n						
i001.s019.t012	i001.s019.t012	bn:00100896a						
i001.s019.t014	i001.s019.t014	bn:00106826a						
i001.s020.t002	i001.s020.t002	bn:00104887a						
i001.s020.t003	i001.s020.t003	bn:00046705n	bn:00057548n	wiki:informazione				
i001.s020.t008	i001.s020.t008	bn:00000398n	bn:00066480n	bn:00075142n				
i001.s020.t010	i001.s020.t010	bn:00017747n	bn:00017761n	bn:00017762n				
i001.s020.t012	i001.s020.t012	bn:00064584n						
i001.s020.t016	i001.s020.t016	bn:00082893v						
i001.s021.t002	i001.s021.t002	bn:00082285v						
i001.s021.t003	i001.s021.t003	bn:00602447n						
i001.s022.t002	i001.s022.t003	bn:00377649n	wiki:principio_attivo					
i001.s022.t003	i001.s022.t003	bn:00096387a						
i001.s022.t005	i001.s022.t005	bn:00602447n						
i001.s022.t007	i001.s022.t007	bn:00602447n						
i001.s022.t011	i001.s022.t011	bn:00054128n	bn:00061887n	wiki:farmaco				
i001.s022.t012	i001.s022.t012	bn:00100866a						
i001.s022.t014	i001.s022.t014	bn:00054128n	bn:00061887n	wiki:farmaco				
i001.s022.t016	i001.s022.t016	bn:00090098v						
i001.s022.t018	i001.s022.t018	bn:00017027n	wiki:cellula					
i001.s022.t020	i001.s022.t020	bn:00096387a						
i001.s022.t021	i001.s022.t021	bn:00027913n	bn:00027920n					
i001.s022.t025	i001.s022.t025	bn:00017027n	wiki:cellula					
i001.s022.t025	i001.s022.t026	bn:00015187n						
i001.s022.t026	i001.s022.t026	bn:00107222a						
i001.s022.t030	i001.s022.t030	bn:00083391v						
i001.s022.t032	i001.s022.t032	bn:00041942n						
i001.s022.t034	i001.s022.t034	bn:00004691n	wiki:antimetabolita					
i001.s023.t002	i001.s023.t002	bn:00009677n	wiki:organismo_vivente					
i001.s023.t004	i001.s023.t004	bn:00602447n						
i001.s023.t006	i001.s023.t006	bn:00085761v						
i001.s023.t009	i001.s023.t009	bn:00035913n						
i001.s023.t010	i001.s023.t010	bn:00096387a						
i001.s023.t012	i001.s023.t012	bn:00083622v						
i001.s023.t014	i001.s023.t014	bn:00001173n						
i001.s023.t016	i001.s023.t016	bn:00031085n	wiki:enzima					
i001.s023.t017	i001.s023.t017	bn:00082428v						
i001.s023.t019	i001.s023.t019	bn:00064590n						
i001.s023.t021	i001.s023.t021	bn:00008788n	wiki:nucleotide					
i001.s023.t024	i001.s023.t024	bn:00021396n						
i001.s023.t027	i001.s023.t027	bn:00026301n	wiki:dna					
i001.s023.t029	i001.s023.t029	bn:00067714n	wiki:rna					
i001.s023.t032	i001.s023.t032	bn:00053801n						
i001.s023.t032	i001.s023.t033	bn:00037738n	wiki:genoma					
i001.s023.t033	i001.s023.t033	bn:00103522a						
i001.s023.t035	i001.s023.t035	bn:00017027n	wiki:cellula					
i001.s024.t002	i001.s024.t002	bn:00049573n	bn:00067181n	bn:00074790n	wiki:progetto	wiki:report_informativo		
i001.s024.t005	i001.s024.t005	bn:00082225v	bn:00082311v					
i001.s024.t007	i001.s024.t007	bn:00602447n						
i001.s025.t003	i001.s025.t003	bn:00047235n						
i001.s025.t005	i001.s025.t005	bn:00054512n	wiki:mesotelioma					
i001.s025.t006	i001.s025.t006	bn:00108692a						
i001.s025.t007	i001.s025.t007	bn:00106363a						
i001.s025.t009	i001.s025.t009	bn:00602447n						
i001.s025.t012	i001.s025.t012	bn:00082596v						
i001.s025.t014	i001.s025.t014	bn:00003268n	bn:00005514n					
i001.s025.t017	i001.s025.t017	bn:00049573n	bn:00067181n	bn:00074790n	wiki:progetto	wiki:report_informativo		
i001.s025.t018	i001.s025.t018	bn:00099598a	bn:00106333a					
i001.s025.t019	i001.s025.t019	bn:00091177v						
i001.s025.t022	i001.s025.t022	bn:00061017n	wiki:paziente					
i001.s025.t029	i001.s025.t029	bn:00018141n	wiki:chemioterapia					
i001.s025.t031	i001.s025.t031	bn:00004489n						
i001.s026.t002	i001.s026.t002	bn:00021961n	bn:00029874n					
i001.s026.t004	i001.s026.t004	bn:00602447n						
i001.s026.t005	i001.s026.t005	bn:00082365v						
i001.s026.t007	i001.s026.t007	bn:00020872n						
i001.s026.t009	i001.s026.t009	bn:00577781n	wiki:cisplatino					
i001.s026.t012	i001.s026.t012	bn:00085450v						
i001.s026.t016	i001.s026.t016	bn:00577781n	wiki:cisplatino					
i001.s026.t018	i001.s026.t018	bn:08892031n	wiki:monoterapia					
i001.s027.t003	i001.s027.t003	bn:00047235n						
i001.s027.t005	i001.s027.t005	bn:00015180n	bn:00015910n	wiki:carcinoma	wiki:neoplasia#comportamento_biologico:_benignità_e_malignità			
i001.s027.t005	i001.s027.t006	bn:00052343n	wiki:carcinoma_del_polmone					
i001.s027.t006	i001.s027.t006	bn:00108724a						
i001.s027.t009	i001.s027.t009	bn:00106058a	bn:00106773a					
i001.s027.t010	i001.s027.t010	bn:00017027n	wiki:cellula					
i001.s027.t013	i001.s027.t013	bn:00021961n	bn:00029874n					
i001.s027.t015	i001.s027.t015	bn:00602447n						
i001.s027.t018	i001.s027.t018	bn:00085450v						
i001.s027.t022	i001.s027.t022	bn:01537207n	wiki:docetaxel					
i001.s027.t025	i001.s027.t025	bn:00097165a	bn:00101348a	bn:00108011a				
i001.s027.t026	i001.s027.t026	bn:00024461n	bn:00054128n	bn:00061887n	wiki:farmaco			
i001.s027.t031	i001.s027.t031	bn:00049573n	bn:00067181n	bn:00074790n	wiki:progetto	wiki:report_informativo		
i001.s027.t032	i001.s027.t032	bn:00091177v						
i001.s027.t035	i001.s027.t035	bn:00061017n	wiki:paziente					
i001.s027.t037	i001.s027.t037	bn:00057267n	wiki:neoplasia					
i001.s027.t039	i001.s027.t039	bn:00025966n	bn:00061898n					
i001.s027.t040	i001.s027.t040	bn:00096532a						
i001.s027.t042	i001.s027.t042	bn:00106664a						
i001.s027.t047	i001.s027.t047	bn:00004489n						
i001.s027.t049	i001.s027.t049	bn:00018141n	wiki:chemioterapia					
i001.s028.t001	i001.s028.t001	bn:00602447n						
i001.s028.t005	i001.s028.t005	bn:00085450v						
i001.s028.t007	i001.s028.t007	bn:00848690n	wiki:gemcitabina					
i001.s028.t010	i001.s028.t010	bn:00054128n	bn:00061887n	wiki:farmaco				
i001.s028.t016	i001.s028.t016	bn:00006541n						
i001.s028.t018	i001.s028.t018	bn:00577781n	wiki:cisplatino					
i001.s028.t022	i001.s028.t022	bn:00049573n	bn:00067181n	bn:00074790n	wiki:progetto	wiki:report_informativo		
i001.s028.t025	i001.s028.t025	bn:00061017n	wiki:paziente					
i001.s028.t028	i001.s028.t028	bn:00060927n	bn:00060928n	wiki:passato				
i001.s028.t035	i001.s028.t035	bn:00018141n	wiki:chemioterapia					
i001.s028.t037	i001.s028.t037	bn:00057267n	wiki:neoplasia					
i001.s028.t037	i001.s028.t038	bn:00052343n	wiki:carcinoma_del_polmone					
i001.s028.t038	i001.s028.t038	bn:00108724a						
i001.s029.t002	i001.s029.t002	bn:00096798a						
i001.s029.t004	i001.s029.t004	bn:00095975a						
i001.s029.t006	i001.s029.t006	bn:00049573n	bn:00067181n	bn:00074790n	wiki:progetto	wiki:report_informativo		
i001.s029.t009	i001.s029.t009	bn:00099598a						
i001.s029.t012	i001.s029.t012	bn:00029876n	bn:00029888n					
i001.s029.t015	i001.s029.t015	bn:00077268n						
i001.s029.t017	i001.s029.t017	bn:00030811n	bn:03155178n					
i001.s029.t019	i001.s029.t019	bn:00061017n	wiki:paziente					
i001.s030.t002	i001.s030.t002	bn:00009905n						
i001.s030.t004	i001.s030.t004	bn:00086567v	bn:00093682v					
i001.s030.t005	i001.s030.t005	bn:00602447n						
i001.s030.t009	i001.s030.t009	bn:00049573n	bn:00067181n	bn:00074790n	wiki:progetto	wiki:report_informativo		
i001.s031.t001	i001.s031.t001	bn:00602447n						
i001.s031.t003	i001.s031.t003	bn:00092332v						
i001.s031.t005	i001.s031.t005	bn:00077268n						
i001.s031.t007	i001.s031.t007	bn:00030811n	bn:03155178n					
i001.s031.t009	i001.s031.t009	bn:00061017n	wiki:paziente					
i001.s031.t010	i001.s031.t010	bn:00104538a						
i001.s031.t012	i001.s031.t012	bn:00054512n	wiki:mesotelioma					
i001.s031.t013	i001.s031.t013	bn:00108692a						
i001.s031.t014	i001.s031.t014	bn:00106363a						
i001.s032.t007	i001.s032.t007	bn:00082365v						
i001.s032.t008	i001.s032.t008	bn:00602447n						
i001.s032.t010	i001.s032.t010	bn:00020872n						
i001.s032.t012	i001.s032.t012	bn:00577781n	wiki:cisplatino					
i001.s032.t014	i001.s032.t014	bn:00085382v	bn:00087617v					
i001.s032.t016	i001.s032.t016	bn:00054001n	wiki:media_(statistica)					
i001.s032.t018	i001.s032.t018	bn:00014710n	bn:00055794n	wiki:mese				
i001.s032.t020	i001.s032.t020	bn:00066865n						
i001.s032.t023	i001.s032.t023	bn:00014710n	bn:00055794n	wiki:mese				
i001.s032.t025	i001.s032.t025	bn:00061017n	wiki:paziente					
i001.s032.t028	i001.s032.t028	bn:00085689v						
i001.s032.t029	i001.s032.t029	bn:00577781n	wiki:cisplatino					
i001.s032.t031	i001.s032.t031	bn:08892031n	wiki:monoterapia					
i001.s033.t002	i001.s033.t002	bn:00047235n						
i001.s033.t004	i001.s033.t004	bn:00061017n	wiki:paziente					
i001.s033.t006	i001.s033.t006	bn:00015180n	bn:00015910n	wiki:carcinoma	wiki:neoplasia#comportamento_biologico:_benignità_e_malignità			
i001.s033.t006	i001.s033.t007	bn:00052343n	wiki:carcinoma_del_polmone					
i001.s033.t007	i001.s033.t007	bn:00108724a						
i001.s033.t010	i001.s033.t010	bn:00106058a	bn:00106773a					
i001.s033.t011	i001.s033.t011	bn:00017027n	wiki:cellula					
i001.s033.t013	i001.s033.t013	bn:00602447n						
i001.s033.t016	i001.s033.t016	bn:00092109v						
i001.s033.t018	i001.s033.t018	bn:00102038a	bn:00102040a					
i001.s034.t002	i001.s034.t002	bn:00061017n	wiki:paziente					
i001.s034.t005	i001.s034.t005	bn:00060927n	bn:00060928n	wiki:passato				
i001.s034.t010	i001.s034.t010	bn:00018141n	wiki:chemioterapia					
i001.s034.t013	i001.s034.t013	bn:00077268n						
i001.s034.t015	i001.s034.t015	bn:00030811n	bn:03155178n					
i001.s034.t016	i001.s034.t016	bn:00097854a	bn:00097857a					
i001.s034.t021	i001.s034.t021	bn:00014710n	bn:00055794n	wiki:mese				
i001.s034.t023	i001.s034.t023	bn:00602447n						
i001.s034.t028	i001.s034.t028	bn:01537207n	wiki:docetaxel					
i001.s035.t002	i001.s035.t002	bn:00061017n	wiki:paziente					
i001.s035.t005	i001.s035.t005	bn:00060927n	bn:00060928n	wiki:passato				
i001.s035.t011	i001.s035.t011	bn:00018141n	wiki:chemioterapia					
i001.s035.t014	i001.s035.t014	bn:00077268n						
i001.s035.t016	i001.s035.t016	bn:00030811n	bn:03155178n	bn:03512504n	wiki:sopravvivenza			
i001.s035.t017	i001.s035.t017	bn:00097854a	bn:00097857a	bn:00097859a				
i001.s035.t022	i001.s035.t022	bn:00014710n	bn:00055794n	wiki:mese				
i001.s035.t026	i001.s035.t026	bn:00041942n	bn:00072536n	wiki:gruppo_sociale				
i001.s036.t001	i001.s036.t001	bn:00115696r						
i001.s036.t006	i001.s036.t006	bn:00049573n	bn:00067181n	bn:00074790n	wiki:progetto	wiki:report_informativo		
i001.s036.t008	i001.s036.t008	bn:00061017n	wiki:paziente					
i001.s036.t011	i001.s036.t011	bn:00057267n	wiki:neoplasia					
i001.s036.t013	i001.s036.t013	bn:00083240v						
i001.s036.t014	i001.s036.t014	bn:00017027n	wiki:cellula					
i001.s036.t014	i001.s036.t015	bn:00073708n	wiki:epitelio_pavimentoso					
i001.s036.t017	i001.s036.t017	bn:00082233v	bn:00092823v					
i001.s036.t018	i001.s036.t018	bn:00077268n						
i001.s036.t020	i001.s036.t020	bn:00030811n	bn:03155178n	bn:03512504n	wiki:sopravvivenza			
i001.s036.t022	i001.s036.t022	bn:00106124a						
i001.s036.t024	i001.s036.t024	bn:00084532v						
i001.s036.t026	i001.s036.t026	bn:00602447n						
i001.s036.t029	i001.s036.t029	bn:00084532v						
i002.s001.t001	i002.s001.t001	bn:08534138n						
i002.s001.t004	i002.s001.t004	bn:03099895n	bn:03466887n	wiki:calcolatrice_(mac_os)	wiki:calcolatrice_(windows)			
i002.s001.t005	i002.s001.t005	bn:00106488a						
i002.s001.t006	i002.s001.t006	bn:00083141v						
i002.s001.t008	i002.s001.t008	bn:00048027n	bn:00049910n	wiki:gergo	wiki:linguaggio			
i002.s001.t009	i002.s001.t009	bn:03313895n	wiki:mathml					
i002.s002.t002	i002.s002.t002	bn:00082225v	bn:00087107v	bn:00087823v				
i002.s002.t003	i002.s002.t003	bn:00101973a						
i002.s002.t004	i002.s002.t004	bn:00053826n	bn:00059128n					
i002.s002.t006	i002.s002.t006	bn:00097495a						
i002.s002.t008	i002.s002.t008	bn:00106117a						
i002.s002.t011	i002.s002.t011	bn:03313895n	wiki:mathml					
i002.s002.t014	i002.s002.t014	bn:00086611v						
i002.s002.t015	i002.s002.t015	bn:00017904n	bn:00041412n	bn:00063050n	wiki:diagramma	wiki:grafico_di_una_funzione		
i002.s002.t016	i002.s002.t016	bn:00780722n	wiki:bidimensionalità					
i002.s002.t018	i002.s002.t018	bn:01656647n	wiki:3d					
i002.s003.t001	i002.s003.t001	bn:00116360r						
i002.s003.t003	i002.s003.t003	bn:00104964a	bn:00107182a	bn:00107194a				
i002.s003.t004	i002.s003.t004	bn:00090141v	bn:00090143v					
i002.s003.t005	i002.s003.t005	bn:03313895n	wiki:mathml					
i002.s003.t007	i002.s003.t007	bn:00082705v	bn:00082711v					
i002.s003.t008	i002.s003.t008	bn:08534138n						
i002.s004.t001	i002.s004.t001	bn:08534138n						
i002.s004.t004	i002.s004.t004	bn:03099895n	bn:03466887n	wiki:calcolatrice_(mac_os)	wiki:calcolatrice_(windows)			
i002.s004.t004	i002.s004.t005	bn:02710162n						
i002.s004.t006	i002.s004.t006	bn:00083141v						
i002.s004.t008	i002.s004.t008	bn:00048027n	bn:00049910n	wiki:gergo	wiki:linguaggio			
i002.s004.t009	i002.s004.t009	bn:03313895n	wiki:mathml					
i002.s005.t003	i002.s005.t003	bn:00114055r						
i002.s005.t005	i002.s005.t005	bn:00082489v						
i002.s005.t007	i002.s005.t007	bn:00030627n	bn:00036822n					
i002.s005.t008	i002.s005.t008	bn:00082705v						
i002.s005.t009	i002.s005.t009	bn:03313895n	wiki:mathml					
i002.s005.t013	i002.s005.t013	bn:00082705v	bn:00082711v					
i002.s005.t018	i002.s005.t018	bn:00052194n						
i002.s005.t020	i002.s005.t020	bn:00007498n	bn:00020452n	bn:00049376n	wiki:conoscenza	wiki:consapevolezza	wiki:coscienza_(psicologia)	wiki:know-how
i002.s005.t021	i002.s005.t021	bn:00106488a						
i002.s006.t001	i002.s006.t001	bn:00045772n	wiki:immagine					
i002.s006.t003	i002.s006.t003	bn:00081292n	wiki:finestra_(informatica)					
i002.s006.t004	i002.s006.t004	bn:00099598a	bn:00106332a					
i002.s006.t006	i002.s006.t006	bn:08534138n						
i002.s007.t001	i002.s007.t001	bn:00081292n	wiki:finestra_(informatica)					
i002.s007.t002	i002.s007.t002	bn:00099598a	bn:00106332a					
i002.s007.t004	i002.s007.t004	bn:08534138n						
i002.s008.t002	i002.s008.t002	bn:00081292n	wiki:finestra_(informatica)					
i002.s008.t003	i002.s008.t003	bn:00099598a	bn:00106332a					
i002.s008.t005	i002.s008.t005	bn:08534138n						
i002.s008.t007	i002.s008.t007	bn:00085487v						
i002.s008.t010	i002.s008.t010	bn:00120018n	wiki:navigazione_a_schede					
i002.s008.t011	i002.s008.t011	bn:00019751n	bn:00020949n	bn:00022002n	wiki:interfaccia_a_riga_di_comando			
i002.s008.t014	i002.s008.t014	bn:00120018n	wiki:navigazione_a_schede					
i002.s008.t015	i002.s008.t015	bn:00780722n	wiki:bidimensionalità					
i002.s008.t018	i002.s008.t018	bn:00120018n	wiki:navigazione_a_schede					
i002.s008.t019	i002.s008.t019	bn:01656647n	wiki:3d					
i002.s008.t022	i002.s008.t022	bn:00120018n	wiki:navigazione_a_schede					
i002.s008.t023	i002.s008.t023	bn:00026967n	wiki:dizionario					
i002.s009.t003	i002.s009.t003	bn:00120018n	wiki:navigazione_a_schede					
i002.s009.t005	i002.s009.t005	bn:00088204v						
i002.s009.t007	i002.s009.t007	bn:00034274n	wiki:campo_(informatica)					
i002.s009.t011	i002.s009.t011	bn:00093281v	bn:00095847v					
i002.s009.t013	i002.s009.t013	bn:00036821n	wiki:funzione_(matematica)	wiki:mappa_(matematica)				
i002.s009.t015	i002.s009.t015	bn:00085334v	bn:00087106v	bn:00087107v	bn:00087108v			
i002.s009.t016	i002.s009.t016	bn:00014688n	bn:00014689n	wiki:calcolo_(matematica)				
i002.s010.t002	i002.s010.t002	bn:00086682v	bn:00095802v					
i002.s010.t003	i002.s010.t003	bn:00082727v	bn:00084681v	bn:00095375v				
i002.s010.t005	i002.s010.t005	bn:00088629v						
i002.s010.t008	i002.s010.t008	bn:00076919n	bn:00076924n					
i002.s010.t009	i002.s010.t009	bn:00098274a						
i002.s010.t011	i002.s010.t011	bn:00085334v	bn:00087106v	bn:00087107v	bn:00087108v			
i002.s010.t013	i002.s010.t013	bn:00082727v	bn:00092443v	bn:00095375v				
i002.s010.t018	i002.s010.t018	bn:00087594v	bn:00087681v					
i002.s010.t020	i002.s010.t020	bn:00084772v	bn:00084785v	bn:00085761v				
i002.s010.t022	i002.s010.t022	bn:03313895n	wiki:mathml					
i002.s010.t028	i002.s010.t028	bn:00104964a	bn:00107182a	bn:00107194a				
i002.s010.t029	i002.s010.t029	bn:00090141v	bn:00090143v					
i002.s010.t030	i002.s010.t030	bn:03313895n	wiki:mathml					
i002.s011.t002	i002.s011.t002	bn:00083141v						
i002.s011.t004	i002.s011.t004	bn:02561609n	wiki:sintassi_(informatica)					
i002.s011.t005	i002.s011.t005	bn:00116297r						
i002.s011.t007	i002.s011.t007	bn:00021164n	wiki:senso_comune					
i002.s011.t007	i002.s011.t008	bn:00021164n	wiki:senso_comune					
i002.s011.t008	i002.s011.t008	bn:00100090a	bn:00100091a	bn:00100093a				
i002.s011.t014	i002.s011.t014	bn:00101358a						
i002.s012.t002	i002.s012.t002	bn:00088817v						
i002.s012.t004	i002.s012.t004	bn:00023260n						
i002.s012.t006	i002.s012.t006	bn:02561609n	wiki:sintassi_(informatica)					
i002.s012.t008	i002.s012.t008	bn:03857246n	wiki:maxima					
i002.s012.t011	i002.s012.t011	bn:03668936n	wiki:maple					
i002.s012.t014	i002.s012.t014	bn:00001965n	bn:00081410n					
i002.s012.t017	i002.s012.t017	bn:00115313r	bn:00116771r	bn:00117174r				
i002.s012.t018	i002.s012.t018	bn:00096782a	bn:00110647a					
i002.s013.t006	i002.s013.t006	bn:00001296n	wiki:addizione	wiki:sommatoria				
i002.s013.t008	i002.s013.t008	bn:00055233n	wiki:più	wiki:sottrazione				
i002.s013.t010	i002.s013.t010	bn:00056300n	wiki:moltiplicazione	wiki:per_(matematica)				
i002.s013.t012	i002.s013.t012	bn:00027919n	wiki:divisione_(matematica)					
i002.s014.t005	i002.s014.t007	bn:00032362n	wiki:potenza_(matematica)					
i002.s014.t007	i002.s014.t007	bn:00032355n	bn:00032362n	wiki:potenza_(matematica)				
i002.s014.t010	i002.s014.t010	bn:00082705v	bn:00082711v					
i002.s015.t003	i002.s015.t003	bn:00108829a						
i002.s015.t004	i002.s015.t004	bn:00082705v	bn:00082711v					
i002.s015.t007	i002.s015.t007	bn:02529895n	wiki:unicode					
i002.s016.t003	i002.s016.t005	bn:00032362n	wiki:potenza_(matematica)					
i002.s016.t005	i002.s016.t005	bn:00032355n	bn:00032362n	wiki:potenza_(matematica)				
i002.s016.t008	i002.s016.t008	bn:00108829a						
i002.s016.t009	i002.s016.t009	bn:00082225v						
i002.s016.t010	i002.s016.t010	bn:00068247n	bn:09064533n	wiki:radice_(simbolo)				
i002.s017.t005	i002.s017.t005	bn:00001965n	bn:00081410n					
i002.s017.t007	i002.s017.t007	bn:00086464v	bn:00094113v					
i002.s017.t009	i002.s017.t009	bn:00079583n	wiki:variabile_(informatica)					
i002.s017.t013	i002.s017.t013	bn:00036821n	wiki:funzione_(matematica)	wiki:mappa_(matematica)				
i002.s018.t004	i002.s018.t004	bn:00082705v	bn:00082711v					
i002.s018.t006	i002.s018.t006	bn:00086464v	bn:00094113v					
i002.s018.t008	i002.s018.t008	bn:00064072n						
i002.s018.t010	i002.s018.t010	bn:00104162a						
i002.s019.t005	i002.s019.t005	bn:00003792n						
i002.s019.t006	i002.s019.t006	bn:00088204v						
i002.s019.t008	i002.s019.t008	bn:00036821n	wiki:funzione_(matematica)	wiki:mappa_(matematica)				
i002.s019.t010	i002.s019.t010	bn:00082812v	bn:00084849v					
i002.s019.t017	i002.s019.t017	bn:00059141n	bn:03744320n	wiki:operatore_(informatica)	wiki:operatore_(matematica)			
i002.s020.t006	i002.s020.t006	bn:00087116v	bn:00092032v					
i002.s020.t009	i002.s020.t009	bn:00059141n	bn:03744320n	wiki:operatore_(informatica)	wiki:operatore_(matematica)			
i002.s020.t016	i002.s020.t016	bn:00087116v	bn:00092032v					
i002.s020.t019	i002.s020.t019	bn:00036821n	wiki:funzione_(matematica)	wiki:mappa_(matematica)				
i002.s020.t020	i002.s020.t020	bn:00079373n	wiki:utente					
i002.s021.t004	i002.s021.t004	bn:00082705v	bn:00082711v					
i002.s021.t006	i002.s021.t006	bn:00086466v						
i002.s021.t008	i002.s021.t008	bn:00079508n	bn:02743888n	wiki:valore_(informatica)				
i002.s021.t011	i002.s021.t011	bn:00079583n	wiki:variabile_(informatica)					
i002.s022.t003	i002.s022.t003	bn:00025928n	wiki:definizione					
i002.s022.t005	i002.s022.t005	bn:00021645n						
i002.s022.t006	i002.s022.t006	bn:00086466v						
i002.s022.t007	i002.s022.t008	bn:03132721n						
i002.s023.t002	i002.s023.t002	bn:00025928n	wiki:definizione					
i002.s023.t004	i002.s023.t005	bn:03132721n						
i002.s023.t009	i002.s023.t009	bn:00001965n	bn:00081410n					
i002.s023.t013	i002.s023.t013	bn:00086466v						
i002.s023.t014	i002.s023.t014	bn:00053826n	bn:00059128n					
i002.s023.t015	i002.s023.t015	bn:00100214a						
i002.s023.t017	i002.s023.t017	bn:08534138n						
i002.s024.t002	i002.s024.t002	bn:00087594v						
i002.s024.t004	i002.s024.t004	bn:00019220n	bn:00021644n	bn:00021645n				
i002.s024.t005	i002.s024.t005	bn:00103006a						
i002.s024.t012	i002.s024.t012	bn:00019220n	bn:00021644n	bn:00021645n				
i002.s024.t014	i002.s024.t014	bn:00082705v	bn:00082711v					
i002.s024.t018	i002.s024.t018	bn:00112146a						
i002.s024.t021	i002.s024.t021	bn:00088204v						
i002.s024.t027	i002.s024.t027	bn:00019220n	bn:00021644n	bn:00021645n				
i002.s024.t030	i002.s024.t030	bn:00082705v						
i002.s024.t032	i002.s024.t032	bn:00105740a						
i002.s024.t033	i002.s024.t033	bn:00003132n						
i002.s025.t004	i002.s025.t004	bn:03305154n	wiki:oggetto_container					
i002.s025.t005	i002.s025.t005	bn:03313895n	wiki:mathml					
i002.s025.t009	i002.s025.t009	bn:00082705v						
i002.s025.t011	i002.s025.t011	bn:00086466v						
i002.s025.t013	i002.s025.t013	bn:03305154n	wiki:oggetto_container					
i002.s026.t002	i002.s026.t002	bn:00114714r						
i002.s026.t005	i002.s026.t005	bn:00036821n	wiki:funzione_(matematica)	wiki:mappa_(matematica)				
i002.s026.t006	i002.s026.t006	bn:00086466v						
i002.s026.t007	i002.s026.t008	bn:03132721n						
i002.s027.t001	i002.s027.t001	bn:00114424r	bn:00116383r					
i002.s027.t003	i002.s027.t003	bn:00082817v	bn:00087656v	bn:00092265v				
i002.s027.t007	i002.s027.t007	bn:00022095n	bn:00079373n	wiki:consumatore	wiki:utente			
i002.s027.t009	i002.s027.t009	bn:00090141v	bn:00090143v					
i002.s027.t010	i002.s027.t010	bn:03313895n	wiki:mathml					
i002.s027.t012	i002.s027.t012	bn:00101973a						
i002.s027.t016	i002.s027.t016	bn:03313895n	wiki:mathml					
i002.s027.t018	i002.s027.t018	bn:00088629v						
i002.s027.t020	i002.s027.t020	bn:00036821n	wiki:funzione_(matematica)	wiki:mappa_(matematica)				
i002.s027.t022	i002.s027.t022	bn:00022956n	wiki:funzione_trigonometrica					
i002.s027.t024	i002.s027.t024	bn:00071709n	wiki:seno_(matematica)					
i002.s027.t027	i002.s027.t027	bn:00097285a						
i002.s027.t029	i002.s027.t029	bn:00036821n	wiki:funzione_(matematica)	wiki:mappa_(matematica)				
i002.s027.t029	i002.s027.t030	bn:00019189n	wiki:funzione_trigonometrica					
i002.s027.t030	i002.s027.t030	bn:00112111a						
i002.s027.t033	i002.s027.t033	bn:00001296n	wiki:addizione	wiki:sommatoria				
i002.s027.t035	i002.s027.t035	bn:00053827n						
i002.s028.t002	i002.s028.t002	bn:00085860v	bn:00089815v					
i002.s028.t004	i002.s028.t004	bn:00035907n	bn:00078798n					
i002.s028.t006	i002.s028.t006	bn:00036821n	wiki:funzione_(matematica)	wiki:mappa_(matematica)				
i002.s029.t002	i002.s029.t002	bn:00082705v						
i002.s029.t003	i002.s029.t003	bn:00001296n	wiki:addizione	wiki:sommatoria				
i002.s029.t005	i002.s029.t005	bn:00056300n	wiki:moltiplicazione	wiki:per_(matematica)				
i002.s029.t008	i002.s029.t008	bn:00076924n						
i002.s029.t010	i002.s029.t010	bn:00088078v						
i002.s029.t012	i002.s029.t012	bn:00059141n	bn:03744320n	wiki:operatore_(informatica)	wiki:operatore_(matematica)			
i002.s030.t002	i002.s030.t002	bn:00019751n	bn:00020949n	bn:00022002n	wiki:interfaccia_a_riga_di_comando			
i002.s030.t004	i002.s030.t004	bn:08534138n						
i002.s030.t006	i002.s030.t006	bn:00104094a	bn:00113455a					
i002.s030.t008	i002.s030.t008	bn:03099895n	wiki:calcolatrice_(mac_os)					
i002.s031.t004	i002.s031.t004	bn:00051508n						
i002.s031.t006	i002.s031.t006	bn:00079583n	wiki:variabile_(informatica)					
i002.s032.t001	i002.s032.t003	bn:00625364n						
i002.s032.t002	i002.s032.t002	bn:00101724a						
i002.s032.t002	i002.s032.t003	bn:00625364n						
i002.s032.t009	i002.s032.t009	bn:00084662v	bn:00093430v					
i002.s032.t011	i002.s032.t011	bn:00081292n	wiki:finestra_(informatica)					
i002.s032.t011	i002.s032.t013	bn:00026837n	wiki:dialog_box					
i002.s032.t016	i002.s032.t016	bn:00082536v	bn:00087587v					
i002.s032.t018	i002.s032.t018	bn:00082553v	bn:00095090v					
i002.s032.t020	i002.s032.t020	bn:00079508n	bn:02743888n	wiki:valore_(informatica)				
i002.s032.t023	i002.s032.t023	bn:00001965n	bn:00081410n					
i002.s032.t027	i002.s032.t027	bn:03986055n	wiki:log					
i002.s033.t001	i002.s033.t001	bn:00096798a	bn:00101929a	bn:00102466a				
i002.s033.t002	i002.s033.t002	bn:00019848n						
i002.s033.t004	i002.s033.t004	bn:00087594v	bn:00087681v					
i002.s033.t006	i002.s033.t006	bn:00032395n	bn:03834028n	wiki:espressione_(informatica)	wiki:espressione_aritmetica	wiki:formula		
i002.s033.t009	i002.s033.t009	bn:00079508n	bn:02743888n	wiki:valore_(informatica)				
i002.s033.t011	i002.s033.t011	bn:00079583n	wiki:variabile_(informatica)					
i002.s033.t016	i002.s033.t016	bn:00082553v	bn:00095090v					
i002.s033.t018	i002.s033.t018	bn:00105739a	bn:00105740a					
i002.s033.t019	i002.s033.t019	bn:00034520n						
i002.s034.t001	i002.s034.t001	bn:00020947n	wiki:control_(tasto)					
i002.s034.t002	i002.s034.t002	bn:00056688n	wiki:n					
i002.s035.t001	i002.s035.t001	bn:00085059v						
i002.s035.t003	i002.s035.t003	bn:00019751n	bn:00022002n	wiki:interfaccia_a_riga_di_comando				
i002.s036.t001	i002.s036.t001	bn:00020947n	wiki:control_(tasto)					
i002.s036.t002	i002.s036.t002	bn:00014379n	wiki:c					
i002.s036.t003	i002.s036.t003	bn:00090416v						
i002.s036.t004	i002.s036.t004	bn:03932262n	wiki:script					
i002.s037.t001	i002.s037.t001	bn:00082225v	bn:00087107v	bn:00087823v				
i002.s037.t003	i002.s037.t003	bn:00020945n	bn:04591077n	bn:09399470n	bn:09532430n	wiki:istruzione_(informatica)		
i002.s037.t004	i002.s037.t004	bn:00108978a						
i002.s037.t007	i002.s037.t007	bn:00021475n	wiki:file					
i002.s038.t002	i002.s038.t002	bn:00100490a	bn:00100493a					
i002.s038.t003	i002.s038.t003	bn:00054625n						
i002.s038.t005	i002.s038.t005	bn:00086009v	bn:00088480v					
i002.s038.t007	i002.s038.t007	bn:00050969n	wiki:libreria_(software)					
i002.s038.t010	i002.s038.t010	bn:00092413v						
i002.s038.t012	i002.s038.t012	bn:00049573n	bn:00081568n	wiki:progetto				
i002.s038.t013	i002.s038.t013	bn:00082149v	bn:00083995v					
i002.s038.t015	i002.s038.t015	bn:00004489n						
i002.s039.t001	i002.s039.t001	bn:00020947n	wiki:control_(tasto)					
i002.s039.t002	i002.s039.t002	bn:00068673n	wiki:s					
i002.s039.t004	i002.s039.t004	bn:03932262n	wiki:script					
i002.s040.t003	i002.s040.t003	bn:00020945n	bn:04591077n	bn:09399470n	bn:09532430n	wiki:istruzione_(informatica)		
i002.s040.t004	i002.s040.t004	bn:00082225v	bn:00087107v	bn:00087823v				
i002.s040.t006	i002.s040.t006	bn:00046275n	bn:00073989n	bn:00074002n				
i002.s040.t008	i002.s040.t008	bn:03751534n	wiki:sessione					
i002.s040.t010	i002.s040.t010	bn:00001965n	bn:00081410n					
i002.s040.t013	i002.s040.t013	bn:00092558v						
i002.s041.t001	i002.s041.t001	bn:00084080v						
i002.s041.t002	i002.s041.t002	bn:00021475n	wiki:file					
i002.s041.t002	i002.s041.t004	bn:00028018n	wiki:file_di_testo					
i002.s041.t004	i002.s041.t004	bn:00076732n	bn:01848600n	bn:09398162n	wiki:testo			
i002.s041.t004	i002.s041.t005	bn:01848600n						
i002.s041.t005	i002.s041.t005	bn:00101973a						
i002.s041.t009	i002.s041.t009	bn:00108829a						
i002.s041.t010	i002.s041.t010	bn:00082553v	bn:00095090v					
i002.s041.t011	i002.s041.t011	bn:00082705v						
i002.s041.t013	i002.s041.t013	bn:00097285a						
i002.s041.t014	i002.s041.t014	bn:00076736n	wiki:editor_(informatica)					
i002.s041.t014	i002.s041.t016	bn:00076736n	wiki:editor_(informatica)					
i002.s041.t016	i002.s041.t016	bn:00076732n	bn:01848600n	bn:09398162n	wiki:testo			
i002.s041.t019	i002.s041.t019	bn:03628723n	wiki:kate					
i002.s042.t001	i002.s042.t001	bn:00020947n	wiki:control_(tasto)					
i002.s042.t002	i002.s042.t002	bn:00049538n	wiki:l					
i002.s042.t004	i002.s042.t004	bn:03986055n	wiki:log					
i002.s043.t003	i002.s043.t003	bn:03986055n	wiki:log					
i002.s043.t007	i002.s043.t007	bn:00034520n						
i002.s043.t009	i002.s043.t009	bn:00021475n	wiki:file					
i002.s043.t010	i002.s043.t010	bn:00045087n	wiki:html					
i002.s043.t014	i002.s043.t014	bn:00092023v						
i002.s044.t001	i002.s044.t001	bn:00020947n	wiki:control_(tasto)					
i002.s044.t002	i002.s044.t002	bn:00065472n	wiki:q					
i002.s044.t003	i002.s044.t003	bn:00084710v						
i002.s045.t001	i002.s045.t001	bn:00085170v						
i002.s045.t003	i002.s045.t003	bn:00021492n	wiki:programma_(informatica)					
i002.s046.t002	i002.s046.t002	bn:00082317v	bn:00082324v					
i002.s046.t004	i002.s046.t004	bn:00103328a	bn:00107269a					
i002.s046.t005	i002.s046.t005	bn:00017904n	bn:00041412n	bn:00063050n	wiki:diagramma	wiki:grafico_di_una_funzione		
i002.s046.t006	i002.s046.t006	bn:00780722n	wiki:bidimensionalità					
i002.s046.t008	i002.s046.t008	bn:08534138n						
i002.s046.t011	i002.s046.t011	bn:00088913v						
i002.s046.t013	i002.s046.t013	bn:00120018n	wiki:navigazione_a_schede					
i002.s046.t014	i002.s046.t014	bn:00017904n	bn:00041412n	bn:00063050n	wiki:diagramma	wiki:grafico_di_una_funzione		
i002.s046.t015	i002.s046.t015	bn:00780722n	wiki:bidimensionalità					
i002.s046.t020	i002.s046.t020	bn:00120018n	wiki:navigazione_a_schede					
i002.s046.t023	i002.s046.t023	bn:00082317v	bn:00082324v					
i002.s046.t025	i002.s046.t025	bn:00103328a	bn:00107269a					
i002.s046.t026	i002.s046.t026	bn:00036821n	wiki:funzione_(matematica)	wiki:mappa_(matematica)				
i002.s047.t003	i002.s047.t003	bn:00082306v						
i002.s047.t005	i002.s047.t005	bn:00012528n						
i002.s047.t005	i002.s047.t007	bn:03113401n	wiki:text_box					
i002.s047.t007	i002.s047.t007	bn:00076732n	bn:01848600n	bn:09398162n	wiki:testo			
i002.s047.t010	i002.s047.t010	bn:00093281v	bn:00095847v					
i002.s047.t012	i002.s047.t012	bn:00036821n	wiki:funzione_(matematica)	wiki:mappa_(matematica)				
i002.s048.t002	i002.s048.t002	bn:00086682v	bn:00095802v					
i002.s048.t003	i002.s048.t003	bn:00082705v						
i002.s048.t005	i002.s048.t005	bn:00112216a						
i002.s048.t006	i002.s048.t006	bn:00036821n	wiki:funzione_(matematica)	wiki:mappa_(matematica)				
i002.s048.t007	i002.s048.t007	bn:00036821n	wiki:funzione_(matematica)	wiki:mappa_(matematica)				
i002.s048.t010	i002.s048.t010	bn:00104964a	bn:00107182a	bn:00107194a				
i002.s048.t011	i002.s048.t011	bn:00086464v	bn:00094113v					
i002.s049.t003	i002.s049.t003	bn:00087594v	bn:00087681v					
i002.s049.t005	i002.s049.t005	bn:00036821n	wiki:funzione_(matematica)	wiki:mappa_(matematica)				
i002.s049.t006	i002.s049.t006	bn:00091986v						
i002.s049.t007	i002.s049.t007	bn:00058395n	wiki:okay					
i002.s049.t009	i002.s049.t009	bn:00087013v						
i002.s049.t011	i002.s049.t011	bn:00017904n	bn:00041412n	bn:00063050n	wiki:diagramma	wiki:grafico_di_una_funzione		
i002.s049.t013	i002.s049.t013	bn:00081292n	wiki:finestra_(informatica)					
i002.s049.t014	i002.s049.t014	bn:00099598a	bn:00106332a					
i002.s050.t002	i002.s050.t002	bn:00088078v						
i002.s050.t004	i002.s050.t004	bn:00017904n	bn:00041412n	bn:00063050n	wiki:diagramma	wiki:grafico_di_una_funzione		
i002.s050.t006	i002.s050.t006	bn:00104506a	bn:00110075a					
i002.s051.t001	i002.s051.t001	bn:00082705v						
i002.s051.t003	i002.s051.t003	bn:03843242n	wiki:command_button					
i002.s051.t006	i002.s051.t006	bn:01622345n						
i002.s051.t008	i002.s051.t008	bn:00051508n						
i002.s052.t002	i002.s052.t002	bn:00093518v						
i002.s052.t004	i002.s052.t004	bn:00101348a						
i002.s052.t005	i002.s052.t005	bn:00020726n	wiki:colore					
i002.s052.t007	i002.s052.t007	bn:00096798a	bn:00101929a	bn:00102466a				
i002.s052.t008	i002.s052.t008	bn:00017904n	bn:00041412n	bn:00063050n	wiki:diagramma	wiki:grafico_di_una_funzione		
i003.s002.t002	i003.s002.t002	bn:00082907v						
i003.s002.t005	i003.s002.t005	bn:00047203n	bn:00067199n					
i003.s002.t007	i003.s002.t007	bn:00099598a	bn:00101687a	bn:00106332a				
i003.s002.t008	i003.s002.t008	bn:00016734n	bn:00072856n					
i003.s002.t009	i003.s002.t009	bn:00100197a						
i003.s002.t014	i003.s002.t014	bn:00086342v	bn:00086942v					
i003.s002.t019	i003.s002.t019	bn:00036822n	bn:00068130n	wiki:ruolo_(sociologia)				
i003.s002.t021	i003.s002.t021	bn:00001177n						
i003.s002.t022	i003.s002.t022	bn:00048986n						
i003.s002.t024	i003.s002.t024	bn:00109211a						
i003.s002.t025	i003.s002.t025	bn:00001961n	bn:00007300n	bn:00007301n	wiki:agenzia_(diritto_pubblico)	wiki:autorità	wiki:ufficio_(locale)	
i003.s002.t027	i003.s002.t027	bn:00071432n						
i003.s002.t027	i003.s002.t028	bn:01623772n						
i003.s002.t028	i003.s002.t028	bn:00110842a	bn:00110844a					
i003.s002.t030	i003.s002.t030	bn:00059480n	bn:00059483n	bn:04094324n	wiki:organizzazione	wiki:organizzazione_aziendale		
i003.s002.t030	i003.s002.t032	bn:00006539n	wiki:associazione_(diritto)					
i003.s002.t032	i003.s002.t032	bn:02438777n	wiki:volontariato					
i003.s002.t036	i003.s002.t036	bn:00022095n	bn:00079373n	wiki:consumatore	wiki:utente			
i003.s002.t038	i003.s002.t038	bn:00070651n	bn:00070677n	wiki:servizio				
i003.s003.t003	i003.s003.t003	bn:00082475v						
i003.s003.t005	i003.s003.t005	bn:00026107n	bn:00057164n	wiki:bisogno				
i003.s003.t008	i003.s003.t008	bn:00062795n	wiki:piano_(strategia)					
i003.s003.t010	i003.s003.t010	bn:00104238a						
i003.s003.t016	i003.s003.t016	bn:00032656n	bn:00042904n	wiki:happening				
i003.s003.t019	i003.s003.t019	bn:00022095n	bn:00079373n	wiki:consumatore	wiki:utente			
i003.s003.t021	i003.s003.t021	bn:00083413v						
i003.s003.t024	i003.s003.t024	bn:00070651n	wiki:servizio					
i003.s003.t026	i003.s003.t026	bn:00019967n	bn:00064476n					
i003.s003.t031	i003.s003.t031	bn:00021394n	bn:00047730n					
i003.s003.t034	i003.s003.t034	bn:00051045n	bn:00051046n	bn:00051047n				
i003.s003.t034	i003.s003.t035	bn:02021819n						
i003.s003.t035	i003.s003.t035	bn:00100875a	bn:00102469a					
i003.s004.t004	i003.s004.t004	bn:00082206v	bn:00094538v					
i003.s004.t007	i003.s004.t007	bn:00066141n						
i003.s004.t010	i003.s004.t010	bn:00101347a						
i003.s005.t001	i003.s005.t001	bn:00117321r						
i003.s005.t003	i003.s005.t003	bn:00011638n	bn:00021015n	wiki:comitato_(collegio)				
i003.s005.t003	i003.s005.t004	bn:03895618n	wiki:commissione_europea					
i003.s005.t004	i003.s005.t004	bn:00102440a						
i003.s005.t007	i003.s005.t007	bn:00055180n	bn:03743591n	wiki:dicastero				
i003.s005.t009	i003.s005.t010	bn:00072552n	wiki:assistente_sociale					
i003.s005.t010	i003.s005.t010	bn:00110842a	bn:00110844a					
i003.s005.t011	i003.s005.t011	bn:00110978a						
i003.s005.t014	i003.s005.t014	bn:00007299n	bn:00032180n	wiki:governo	wiki:potere_esecutivo	wiki:regime_(politica)		
i003.s005.t014	i003.s005.t015	bn:00001430n	wiki:circoscrizione					
i003.s005.t015	i003.s005.t015	bn:00109624a						
i003.s005.t017	i003.s005.t017	bn:00037072n	wiki:galizia_(spagna)					
i003.s005.t020	i003.s005.t020	bn:00031641n	bn:00036064n	bn:00366263n				
i003.s005.t022	i003.s005.t022	bn:00082778v	bn:00086753v					
i003.s005.t024	i003.s005.t024	bn:00021721n						
i003.s005.t025	i003.s005.t025	bn:00102440a						
i003.s005.t027	i003.s005.t027	bn:00043267n	bn:00074900n					
i003.s005.t028	i003.s005.t028	bn:00053403n	wiki:esclusione_sociale					
i003.s005.t028	i003.s005.t029	bn:00053403n	wiki:esclusione_sociale					
i003.s005.t029	i003.s005.t029	bn:00110842a	bn:00110844a					
i003.s005.t032	i003.s005.t032	bn:00103780a	bn:00106333a					
i003.s005.t033	i003.s005.t033	bn:00017557n						
i003.s005.t036	i003.s005.t036	bn:00070651n	bn:00070677n	wiki:servizio				
i003.s005.t037	i003.s005.t037	bn:00109211a						
i003.s005.t039	i003.s005.t039	bn:00002155n	bn:00055177n	wiki:aiuti_umanitari				
i003.s006.t001	i003.s006.t001	bn:00116085r						
i003.s006.t003	i003.s006.t003	bn:00031641n	bn:00036064n	bn:00366263n				
i003.s006.t005	i003.s006.t005	bn:00084099v	bn:00092123v					
i003.s006.t008	i003.s006.t008	bn:00071869n						
i003.s006.t010	i003.s006.t010	bn:00062759n						
i003.s006.t014	i003.s006.t014	bn:00049573n	bn:00067181n	bn:00074790n	wiki:progetto	wiki:report_informativo		
i003.s006.t015	i003.s006.t015	bn:00100121a						
i003.s006.t017	i003.s006.t017	bn:00087763v						
i003.s006.t019	i003.s006.t019	bn:00032425n						
i003.s006.t023	i003.s006.t023	bn:00030844n						
i003.s006.t024	i003.s006.t024	bn:00101412a	bn:00101413a					
i003.s006.t028	i003.s006.t028	bn:00014138n	bn:00030616n	bn:00030625n	wiki:rapporto_di_lavoro			
i003.s006.t029	i003.s006.t029	bn:00082573v						
i003.s006.t031	i003.s006.t031	bn:00104506a	bn:00110075a					
i003.s006.t032	i003.s006.t032	bn:00077269n						
i003.s006.t034	i003.s006.t034	bn:00037027n	bn:08930044n	wiki:redditività				
i003.s007.t002	i003.s007.t002	bn:00049573n	bn:00067181n	bn:00074790n	wiki:progetto	wiki:report_informativo		
i003.s007.t004	i003.s007.t004	bn:00083141v						
i003.s007.t007	i003.s007.t007	bn:00047238n	wiki:intervista					
i003.s007.t008	i003.s007.t008	bn:00108488a	bn:00108489a					
i003.s007.t011	i003.s007.t011	bn:00014158n	bn:00027367n	bn:00032179n	wiki:dirigente			
i003.s007.t013	i003.s007.t013	bn:00060837n	bn:00071432n					
i003.s007.t013	i003.s007.t014	bn:01623772n						
i003.s007.t014	i003.s007.t014	bn:00110842a	bn:00110844a					
i003.s007.t017	i003.s007.t017	bn:00001964n	bn:08945433n	wiki:rappresentanza	wiki:rappresentanza_(filosofia_politica)			
i003.s007.t019	i003.s007.t019	bn:00099598a	bn:00101687a	bn:00106332a				
i003.s007.t020	i003.s007.t020	bn:00059480n	bn:00059483n	bn:04094324n	wiki:organizzazione	wiki:organizzazione_aziendale		
i003.s007.t021	i003.s007.t021	bn:00107136a	bn:00107137a	bn:00107138a				
i003.s007.t023	i003.s007.t023	bn:00095923a						
i003.s007.t024	i003.s007.t024	bn:00011771n	wiki:stato					
i003.s007.t024	i003.s007.t025	bn:00031903n						
i003.s007.t025	i003.s007.t025	bn:00102440a						
i003.s008.t002	i003.s008.t002	bn:00046575n	bn:00070206n					
i003.s008.t002	i003.s008.t003	bn:00663898n	bn:01897962n	wiki:settore_secondario				
i003.s008.t003	i003.s008.t003	bn:00104995a						
i003.s008.t005	i003.s008.t005	bn:00000639n						
i003.s008.t009	i003.s008.t009	bn:00089660v	bn:00089662v					
i003.s008.t012	i003.s008.t012	bn:00046575n	bn:00046576n	wiki:industria				
i003.s008.t012	i003.s008.t013	bn:00054564n	wiki:metallurgia					
i003.s008.t013	i003.s008.t013	bn:00106654a						
i003.s008.t016	i003.s008.t016	bn:00046575n	bn:00070206n					
i003.s008.t016	i003.s008.t017	bn:00008415n						
i003.s009.t002	i003.s009.t002	bn:00099598a	bn:00101687a	bn:00106332a				
i003.s009.t003	i003.s009.t003	bn:00059275n	bn:00073170n					
i003.s009.t005	i003.s009.t005	bn:00019218n						
i003.s009.t007	i003.s009.t007	bn:00021721n						
i003.s009.t009	i003.s009.t009	bn:00053403n	wiki:esclusione_sociale					
i003.s009.t009	i003.s009.t010	bn:00053403n	wiki:esclusione_sociale					
i003.s009.t010	i003.s009.t010	bn:00110842a	bn:00110844a					
i003.s009.t013	i003.s009.t013	bn:00050521n						
i003.s009.t015	i003.s009.t015	bn:00067808n						
i003.s009.t021	i003.s009.t021	bn:00011651n	bn:00053116n					
i003.s009.t025	i003.s009.t025	bn:00030616n	wiki:rapporto_di_lavoro					
i003.s009.t028	i003.s009.t028	bn:00025569n	bn:00045161n	wiki:relazione_interpersonale				
i003.s009.t028	i003.s009.t029	bn:01869079n	bn:08898118n	wiki:relazioni_industriali				
i003.s009.t029	i003.s009.t029	bn:00104995a						
i003.s009.t032	i003.s009.t033	bn:00072552n	wiki:assistente_sociale					
i003.s009.t033	i003.s009.t033	bn:00110842a	bn:00110844a					
i003.s009.t035	i003.s009.t035	bn:00011638n	bn:00021015n	wiki:comitato_(collegio)				
i003.s009.t035	i003.s009.t036	bn:03895618n	wiki:commissione_europea					
i003.s009.t036	i003.s009.t036	bn:00102440a						
i003.s009.t040	i003.s009.t040	bn:00011638n	bn:00021015n	wiki:comitato_(collegio)				
i003.s009.t040	i003.s009.t042	bn:00893206n	wiki:comitato_delle_regioni					
i003.s009.t042	i003.s009.t042	bn:00060767n						
i003.s009.t043	i003.s009.t044	bn:01019664n						
i003.s009.t046	i003.s009.t046	bn:00026427n						
i003.s009.t048	i003.s009.t048	bn:00060708n	wiki:parlamento					
i003.s009.t048	i003.s009.t049	bn:03855948n	wiki:parlamento_europeo					
i003.s009.t049	i003.s009.t049	bn:00102440a						
i003.s009.t050	i003.s009.t053	bn:03742029n	wiki:josé_maría_gil-robles					
i003.s009.t055	i003.s009.t055	bn:00079435n	wiki:vicepresidente					
i003.s009.t057	i003.s009.t057	bn:00060708n	wiki:parlamento					
i003.s009.t057	i003.s009.t058	bn:03855948n	wiki:parlamento_europeo					
i003.s009.t058	i003.s009.t058	bn:00102440a						
i003.s009.t062	i003.s009.t062	bn:00011638n	bn:00021015n	wiki:comitato_(collegio)				
i003.s009.t062	i003.s009.t065	bn:00893211n	wiki:comitato_economico_e_sociale_europeo					
i003.s009.t063	i003.s009.t063	bn:00102001a	bn:00102002a					
i003.s009.t065	i003.s009.t065	bn:00110842a	bn:00110844a					
i003.s010.t001	i003.s010.t001	bn:00049573n	bn:00067181n	bn:00074790n	wiki:progetto	wiki:report_informativo		
i003.s010.t001	i003.s010.t003	bn:02395950n						
i003.s010.t003	i003.s010.t003	bn:00016401n	bn:00016407n					
i003.s010.t004	i003.s010.t004	bn:00096798a	bn:00101929a	bn:00102466a				
i003.s010.t005	i003.s010.t005	bn:00067181n	wiki:report_informativo					
i003.s010.t006	i003.s010.t006	bn:00107136a	bn:00107137a	bn:00107138a				
i003.s010.t007	i003.s010.t007	bn:00085499v						
i003.s010.t009	i003.s010.t009	bn:00070575n						
i003.s010.t012	i003.s010.t012	bn:00026116n	bn:00034797n	wiki:iniziativa_(scacchi)				
i003.s010.t014	i003.s010.t014	bn:00084931v	bn:00093765v					
i003.s010.t018	i003.s010.t018	bn:00102123a						
i003.s010.t020	i003.s010.t020	bn:00087826v	bn:00087869v					
i003.s010.t023	i003.s010.t023	bn:00063989n						
i003.s010.t026	i003.s010.t026	bn:00082573v						
i003.s010.t028	i003.s010.t028	bn:00030626n						
i003.s010.t031	i003.s010.t031	bn:00026980n	bn:00041853n	wiki:didattica	wiki:educazione			
i003.s010.t034	i003.s010.t034	bn:00026695n	bn:00026696n					
i003.s010.t036	i003.s010.t036	bn:00064681n	bn:00081593n	bn:09081960n	wiki:lavoratore			
i003.s010.t037	i003.s010.t037	bn:00096644a	bn:00107786a					
i003.s010.t039	i003.s010.t039	bn:00021286n	bn:00022811n	wiki:azienda	wiki:società_(diritto)			
i003.s010.t042	i003.s010.t042	bn:00021248n						
i003.s011.t003	i003.s011.t003	bn:00011771n	wiki:stato					
i003.s011.t004	i003.s011.t004	bn:00095950a						
i003.s011.t006	i003.s011.t006	bn:00095975a						
i003.s011.t007	i003.s011.t007	bn:00026116n	bn:00034797n	bn:00833323n	wiki:iniziativa_(scacchi)			
i003.s011.t010	i003.s011.t010	bn:00115329r						
i003.s011.t011	i003.s011.t011	bn:00084931v	bn:00093765v					
i003.s011.t016	i003.s011.t016	bn:00049573n	bn:00067181n	bn:00074790n	wiki:progetto	wiki:report_informativo		
i003.s011.t016	i003.s011.t018	bn:02395950n						
i003.s011.t018	i003.s011.t018	bn:00016401n	bn:00016407n					
i003.s011.t020	i003.s011.t020	bn:00086833v						
i003.s012.t002	i003.s012.t002	bn:00049573n	bn:00067181n	bn:00074790n	wiki:progetto	wiki:report_informativo		
i003.s012.t004	i003.s012.t004	bn:00082596v						
i003.s012.t006	i003.s012.t006	bn:00019219n						
i003.s012.t008	i003.s012.t008	bn:00026116n	bn:00034797n	wiki:iniziativa_(scacchi)				
i003.s012.t012	i003.s012.t012	bn:00046065n						
i003.s012.t014	i003.s012.t014	bn:00032100n	bn:00036197n					
i003.s012.t015	i003.s012.t015	bn:00107714a						
i003.s012.t018	i003.s012.t018	bn:00059480n	bn:00059483n	bn:04094324n	wiki:organizzazione	wiki:organizzazione_aziendale		
i003.s012.t018	i003.s012.t020	bn:00013379n	wiki:sindacato					
i003.s012.t020	i003.s012.t020	bn:00014138n	bn:00030616n	bn:00030625n	wiki:rapporto_di_lavoro			
i003.s012.t022	i003.s012.t022	bn:00087763v						
i003.s012.t025	i003.s012.t025	bn:00037022n						
i003.s012.t028	i003.s012.t028	bn:00064527n	bn:09482133n	wiki:problema				
i003.s012.t030	i003.s012.t030	bn:00026116n	bn:00034797n	bn:00833323n	wiki:iniziativa_(scacchi)			
i003.s013.t005	i003.s013.t005	bn:00080111n						
i003.s013.t007	i003.s013.t007	bn:00047238n	wiki:intervista					
i003.s013.t009	i003.s013.t009	bn:00047203n	bn:00067199n					
i003.s013.t010	i003.s013.t010	bn:00048986n						
i003.s013.t012	i003.s013.t012	bn:00042833n	bn:00073801n	wiki:manodopera	wiki:risorse_umane	wiki:stato_maggiore		
i003.s014.t002	i003.s014.t002	bn:00049573n	bn:00067181n	bn:00074790n	wiki:progetto	wiki:report_informativo		
i003.s014.t003	i003.s014.t003	bn:00107136a	bn:00107137a	bn:00107138a				
i003.s014.t007	i003.s014.t007	bn:00067181n	wiki:report_informativo					
i003.s014.t008	i003.s014.t008	bn:00102440a						
i003.s014.t010	i003.s014.t010	bn:00082392v	bn:00092916v					
i003.s014.t012	i003.s014.t012	bn:00063989n						
i003.s015.t002	i003.s015.t002	bn:00067181n	wiki:report_informativo					
i003.s015.t005	i003.s015.t005	bn:00000777n						
i003.s015.t007	i003.s015.t007	bn:00026116n	bn:00034797n	wiki:iniziativa_(scacchi)				
i003.s015.t009	i003.s015.t009	bn:00084099v	bn:00092123v					
i003.s015.t013	i003.s015.t013	bn:00083187v						
i003.s015.t015	i003.s015.t015	bn:00008786n						
i003.s015.t018	i003.s015.t018	bn:00021721n						
i003.s015.t019	i003.s015.t019	bn:00082668v	bn:00084375v					
i003.s015.t022	i003.s015.t022	bn:00007406n	wiki:autunno					
i003.s015.t024	i003.s015.t024	bn:00104506a	bn:00110075a					
i003.s015.t025	i003.s015.t025	bn:00078738n	wiki:anno	wiki:annum				
i003.s016.t002	i003.s016.t002	bn:00031641n	bn:00036064n	bn:00366263n				
i003.s016.t003	i003.s016.t003	bn:00089804v						
i003.s016.t004	i003.s016.t004	bn:00087137v	bn:00087138v					
i003.s016.t006	i003.s016.t006	bn:00017747n	bn:00017761n	bn:00017762n				
i003.s016.t008	i003.s016.t008	bn:00008714n	bn:00045274n					
i003.s016.t011	i003.s016.t011	bn:00001936n						
i003.s016.t013	i003.s016.t013	bn:00041239n						
i003.s016.t015	i003.s016.t015	bn:00030626n						
i003.s016.t017	i003.s016.t017	bn:00026980n	bn:00041853n	wiki:didattica	wiki:educazione			
i003.s016.t019	i003.s016.t019	bn:00082596v						
i003.s016.t021	i003.s016.t021	bn:00016850n	bn:00066443n					
i003.s017.t002	i003.s017.t002	bn:00082596v						
i003.s017.t005	i003.s017.t005	bn:00063217n						
i003.s017.t005	i003.s017.t007	bn:00063237n						
i003.s017.t007	i003.s017.t007	bn:00045979n	bn:00063237n	wiki:immaginazione				
i003.s017.t009	i003.s017.t009	bn:00071432n						
i003.s017.t009	i003.s017.t010	bn:01623772n						
i003.s017.t010	i003.s017.t010	bn:00110842a	bn:00110844a					
i003.s017.t012	i003.s017.t012	bn:00085427v						
i003.s017.t014	i003.s017.t014	bn:00002157n	bn:00007026n					
i003.s017.t015	i003.s017.t015	bn:00102398a						
i003.s017.t017	i003.s017.t017	bn:00064624n	bn:00064776n	bn:00075094n				
i003.s017.t020	i003.s017.t020	bn:00082643v	bn:00087115v	bn:00092783v				
i003.s017.t022	i003.s017.t022	bn:00008714n	bn:00045274n					
i003.s017.t025	i003.s017.t025	bn:00001936n						
i003.s018.t002	i003.s018.t002	bn:00096000a						
i003.s018.t006	i003.s018.t006	bn:00062759n						
i003.s018.t007	i003.s018.t007	bn:00087137v	bn:00087138v					
i003.s018.t009	i003.s018.t009	bn:00087763v						
i003.s018.t010	i003.s018.t010	bn:00026116n	bn:00034797n	wiki:iniziativa_(scacchi)				
i003.s018.t012	i003.s018.t012	bn:00109211a						
i003.s018.t014	i003.s018.t014	bn:00109026a						
i003.s018.t018	i003.s018.t018	bn:00086455v						
i003.s018.t021	i003.s018.t021	bn:00008714n	bn:00045274n					
i003.s018.t022	i003.s018.t022	bn:00082868v						
i003.s018.t024	i003.s018.t024	bn:00001936n						
i003.s018.t026	i003.s018.t026	bn:00115235r						
i003.s018.t028	i003.s018.t028	bn:00033835n						
i003.s018.t030	i003.s018.t030	bn:00064681n	bn:00081593n	bn:09081960n	wiki:lavoratore			
i003.s018.t031	i003.s018.t031	bn:00096644a	bn:00107786a					
i003.s019.t001	i003.s019.t001	bn:00093452v						
i003.s019.t002	i003.s019.t002	bn:00003132n						
i003.s019.t004	i003.s019.t004	bn:08952119n	wiki:prepensionamento					
i003.s019.t007	i003.s019.t007	bn:00027476n	bn:00050314n					
i003.s019.t010	i003.s019.t010	bn:00062759n						
i003.s019.t013	i003.s019.t013	bn:00114714r						
i003.s019.t015	i003.s019.t015	bn:00075330n						
i003.s019.t018	i003.s019.t018	bn:00066979n						
i003.s019.t021	i003.s019.t021	bn:00067463n						
i003.s019.t023	i003.s019.t023	bn:00047795n	bn:00064681n	bn:00081593n	bn:09081960n	wiki:lavoratore	wiki:operaio	
i003.s019.t024	i003.s019.t024	bn:00096644a	bn:00107786a					
i003.s020.t002	i003.s020.t002	bn:00082206v	bn:00094538v					
i003.s020.t004	i003.s020.t004	bn:00019220n	bn:00021989n					
i003.s020.t006	i003.s020.t006	bn:00037634n	bn:00070773n	wiki:genere_(scienze_sociali)	wiki:sesso_(biologia)			
i003.s020.t009	i003.s020.t009	bn:00054281n	bn:00667078n					
i003.s020.t010	i003.s020.t010	bn:00100762a						
i003.s020.t012	i003.s020.t012	bn:00047795n	bn:00064681n	bn:00081593n	bn:09081960n	wiki:lavoratore	wiki:operaio	
i003.s020.t017	i003.s020.t017	bn:00022856n						
i003.s020.t020	i003.s020.t020	bn:00027538n	wiki:discriminazione					
i003.s020.t022	i003.s020.t022	bn:00008786n						
i003.s020.t024	i003.s020.t024	bn:00001936n						
i003.s021.t002	i003.s021.t002	bn:00062759n						
i003.s021.t003	i003.s021.t003	bn:00082596v						
i003.s021.t005	i003.s021.t005	bn:00026116n	bn:00034797n	wiki:iniziativa_(scacchi)				
i003.s021.t008	i003.s021.t008	bn:00086455v						
i003.s021.t011	i003.s021.t011	bn:00027538n	bn:00027539n	wiki:discriminazione				
i003.s021.t012	i003.s021.t012	bn:00083141v						
i003.s021.t014	i003.s021.t014	bn:00001936n						
i003.s021.t016	i003.s021.t016	bn:00005513n	bn:00082076n					
i003.s021.t017	i003.s021.t017	bn:00109997a	bn:00109998a					
i003.s021.t020	i003.s021.t020	bn:00106058a	bn:00106773a					
i003.s021.t020	i003.s021.t023	bn:03169699n	wiki:piccola_e_media_impresa					
i003.s021.t022	i003.s021.t022	bn:00097857a						
i003.s021.t023	i003.s021.t023	bn:00022811n	bn:00031008n	wiki:società_(diritto)				
i003.s022.t002	i003.s022.t002	bn:00067280n	bn:00067283n	bn:00070036n	wiki:ricerca_scientifica			
i003.s022.t003	i003.s022.t003	bn:00088078v						
i003.s022.t005	i003.s022.t005	bn:00074900n						
i003.s022.t006	i003.s022.t006	bn:00096060a						
i003.s022.t007	i003.s022.t007	bn:00011771n	wiki:stato					
i003.s022.t007	i003.s022.t008	bn:00208447n	wiki:stati_membri_dell'unione_europea					
i003.s022.t008	i003.s022.t008	bn:00054277n						
i003.s022.t010	i003.s022.t010	bn:00009714n	wiki:belgio					
i003.s022.t012	i003.s022.t012	bn:00036202n	wiki:francia					
i003.s022.t014	i003.s022.t014	bn:00026684n	wiki:germania					
i003.s022.t016	i003.s022.t016	bn:00030401n	wiki:grecia					
i003.s022.t018	i003.s022.t018	bn:00047705n	bn:04003440n	wiki:italia	wiki:italia_(regione_geografica)			
i003.s022.t020	i003.s022.t021	bn:00044423n	wiki:paesi_bassi					
i003.s022.t023	i003.s022.t023	bn:00049169n						
i003.s022.t023	i003.s022.t024	bn:00013173n	wiki:gran_bretagna	wiki:regno_unito				
i003.s022.t024	i003.s022.t024	bn:00112908a						
i004.s001.t001	i004.s001.t001	bn:00075142n						
i004.s001.t002	i004.s001.t002	bn:00086673v	bn:00090712v					
i004.s001.t004	i004.s001.t004	bn:00063584n	wiki:pubblico					
i004.s002.t002	i004.s002.t002	bn:00108977a						
i004.s002.t003	i004.s002.t003	bn:00028015n						
i004.s002.t006	i004.s002.t006	bn:00075142n						
i004.s002.t009	i004.s002.t009	bn:00067181n	bn:08904168n	wiki:relazione_(testo)	wiki:report_informativo			
i004.s002.t011	i004.s002.t011	bn:00005120n	bn:00031972n	bn:08839900n	wiki:valutazione_(finanza)			
i004.s002.t012	i004.s002.t012	bn:00109211a						
i004.s002.t013	i004.s002.t013	bn:00102440a						
i004.s003.t004	i004.s003.t004	bn:00923812n	wiki:maropitant					
i004.s004.t001	i004.s004.t001	bn:00923812n	wiki:maropitant					
i004.s004.t002	i004.s004.t002	bn:00083225v	bn:00085499v					
i004.s004.t004	i004.s004.t005	bn:00377649n	wiki:principio_attivo					
i004.s004.t005	i004.s004.t005	bn:00096387a						
i004.s004.t006	i004.s004.t006	bn:00923812n	wiki:maropitant					
i004.s004.t009	i004.s004.t009	bn:00097846a						
i004.s004.t011	i004.s004.t011	bn:00005023n	bn:00016529n					
i004.s004.t013	i004.s004.t013	bn:00052222n	wiki:compressa					
i004.s004.t016	i004.s004.t016	bn:00072760n	wiki:soluzione_(chimica)					
i004.s005.t002	i004.s005.t002	bn:00052222n	wiki:compressa					
i004.s005.t006	i004.s005.t006	bn:00107945a						
i004.s005.t007	i004.s005.t007	bn:00105938a						
i004.s005.t009	i004.s005.t009	bn:00088078v	bn:00089240v					
i004.s005.t011	i004.s005.t011	bn:00026264n	bn:00058144n					
i004.s005.t015	i004.s005.t015	bn:00071433n	bn:00071434n					
i004.s005.t018	i004.s005.t018	bn:00082531v	bn:00093755v					
i004.s005.t020	i004.s005.t020	bn:00027913n	bn:00027920n					
i004.s005.t022	i004.s005.t022	bn:00095950a						
i004.s005.t023	i004.s005.t023	bn:00042601n						
i004.s006.t001	i004.s006.t001	bn:00114315r						
i004.s006.t002	i004.s006.t002	bn:00052222n	wiki:compressa					
i004.s006.t004	i004.s006.t004	bn:00090151v						
i004.s006.t007	i004.s006.t007	bn:00071433n	bn:00071434n					
i004.s006.t010	i004.s006.t010	bn:00051872n	wiki:logo	wiki:wordmark				
i004.s006.t011	i004.s006.t011	bn:03463336n	wiki:pfizer					
i004.s006.t014	i004.s006.t014	bn:00108011a						
i004.s006.t015	i004.s006.t015	bn:00071433n	bn:00071434n					
i004.s006.t018	i004.s006.t018	bn:00003057n	bn:00017752n	wiki:grafema				
i004.s006.t022	i004.s006.t022	bn:00034394n						
i004.s006.t024	i004.s006.t024	bn:00086586v	bn:00089681v					
i004.s006.t026	i004.s006.t026	bn:00003602n	bn:00003603n	wiki:quantità_(filosofia)				
i004.s006.t028	i004.s006.t028	bn:00923812n	wiki:maropitant					
i004.s007.t003	i004.s007.t003	bn:00076924n						
i004.s007.t005	i004.s007.t005	bn:00082705v	bn:00089140v					
i004.s007.t006	i004.s007.t006	bn:00923812n	wiki:maropitant					
i004.s008.t001	i004.s008.t001	bn:00923812n	wiki:maropitant					
i004.s008.t004	i004.s008.t004	bn:00004656n	wiki:antiemetico					
i004.s008.t008	i004.s008.t008	bn:00054128n	bn:00061887n	wiki:farmaco				
i004.s008.t010	i004.s008.t010	bn:00082787v	bn:00083623v	bn:00083900v	bn:00089154v			
i004.s008.t012	i004.s008.t012	bn:00027565n	wiki:vomito					
i004.s009.t002	i004.s009.t002	bn:00082705v	bn:00082711v	bn:00089140v				
i004.s009.t004	i004.s009.t004	bn:00008602n	bn:00015267n	wiki:canis_lupus_familiaris				
i004.s009.t006	i004.s009.t006	bn:00082954v	bn:00088454v					
i004.s009.t008	i004.s009.t008	bn:00027565n	wiki:vomito					
i004.s009.t009	i004.s009.t009	bn:00084699v						
i004.s009.t012	i004.s009.t012	bn:00032099n						
i004.s009.t015	i004.s009.t015	bn:00018141n	wiki:chemioterapia					
i004.s009.t017	i004.s009.t017	bn:00054128n	bn:00061887n	wiki:farmaco				
i004.s009.t018	i004.s009.t018	bn:00082705v	bn:00113453a					
i004.s009.t021	i004.s009.t021	bn:00047235n	bn:00076843n	wiki:terapia				
i004.s009.t021	i004.s009.t023	bn:00058966n	wiki:oncologia					
i004.s009.t023	i004.s009.t023	bn:00015180n	wiki:neoplasia#comportamento_biologico:_benignità_e_malignità					
i004.s009.t028	i004.s009.t028	bn:00105645a						
i004.s009.t030	i004.s009.t030	bn:00084069v	bn:00084699v					
i004.s009.t032	i004.s009.t032	bn:00027565n	wiki:vomito					
i004.s010.t002	i004.s010.t002	bn:00020872n						
i004.s010.t005	i004.s010.t005	bn:00054018n	bn:00054019n	wiki:misurazione				
i004.s010.t007	i004.s010.t007	bn:00075331n						
i004.s010.t010	i004.s010.t010	bn:00032099n						
i004.s010.t011	i004.s010.t011	bn:00108011a						
i004.s010.t012	i004.s010.t012	bn:00047235n	bn:00076843n	wiki:terapia				
i004.s010.t013	i004.s010.t013	bn:00113583a						
i004.s010.t016	i004.s010.t016	bn:00027011n	bn:00027014n	wiki:dieta				
i004.s010.t017	i004.s010.t017	bn:00108295a	bn:00110996a					
i004.s010.t019	i004.s010.t019	bn:00923812n	wiki:maropitant					
i004.s010.t023	i004.s010.t023	bn:00082705v	bn:00082711v	bn:00089140v				
i004.s010.t025	i004.s010.t025	bn:00042823n	bn:00047235n					
i004.s010.t027	i004.s010.t027	bn:00027565n	wiki:vomito					
i004.s010.t031	i004.s010.t031	bn:00046787n	wiki:iniezione_(medicina)					
i004.s010.t034	i004.s010.t034	bn:00046787n	wiki:iniezione_(medicina)					
i004.s010.t035	i004.s010.t035	bn:00088422v	bn:00088424v					
i004.s010.t037	i004.s010.t037	bn:00052222n	wiki:compressa					
i004.s011.t003	i004.s011.t003	bn:00002178n	bn:00002179n	bn:00036822n				
i004.s011.t004	i004.s011.t004	bn:00923812n	wiki:maropitant					
i004.s011.t007	i004.s011.t007	bn:00082365v						
i004.s011.t011	i004.s011.t011	bn:00051250n						
i004.s011.t013	i004.s011.t013	bn:00096027a						
i004.s012.t002	i004.s012.t002	bn:00082285v						
i004.s012.t003	i004.s012.t003	bn:00923812n	wiki:maropitant					
i004.s013.t001	i004.s013.t001	bn:00923812n	wiki:maropitant					
i004.s013.t002	i004.s013.t002	bn:00083622v						
i004.s013.t004	i004.s013.t004	bn:00066514n	bn:00066515n	wiki:recettore_(biochimica)	wiki:recettore_sensoriale			
i004.s013.t006	i004.s013.t006	bn:02560276n	wiki:tachichinina					
i004.s013.t008	i004.s013.t008	bn:02560276n	wiki:tachichinina					
i004.s013.t011	i004.s013.t011	bn:00082285v	bn:00082286v					
i004.s013.t013	i004.s013.t013	bn:00041239n	bn:00062767n	wiki:spostamento_della_realtà				
i004.s013.t015	i004.s013.t015	bn:00069580n	bn:00075762n	bn:08973961n	wiki:apparato_(anatomia)	wiki:sistema		
i004.s013.t015	i004.s013.t016	bn:00057341n	wiki:sistema_nervoso_umano					
i004.s013.t015	i004.s013.t017	bn:00017184n	wiki:sistema_nervoso_centrale					
i004.s013.t016	i004.s013.t016	bn:00107232a						
i004.s013.t017	i004.s013.t017	bn:00099258a	bn:00099441a					
i004.s014.t004	i004.s014.t004	bn:00082596v						
i004.s014.t006	i004.s014.t006	bn:00029876n	bn:00029888n					
i004.s014.t008	i004.s014.t008	bn:00923812n	wiki:maropitant					
i004.s015.t003	i004.s015.t003	bn:00091177v						
i004.s015.t004	i004.s015.t004	bn:00105858a	bn:00106408a					
i004.s015.t005	i004.s015.t005	bn:00049573n	bn:00074790n	wiki:progetto				
i004.s015.t007	i004.s015.t007	bn:00923812n	wiki:maropitant					
i004.s015.t011	i004.s015.t011	bn:00008602n	bn:00015267n	wiki:canis_lupus_familiaris				
i004.s015.t013	i004.s015.t013	bn:00049551n	wiki:laboratorio					
i004.s015.t016	i004.s015.t016	bn:00004222n	wiki:animalia	wiki:fauna				
i004.s015.t018	i004.s015.t018	bn:00047235n	bn:00076843n	wiki:terapia				
i004.s015.t020	i004.s015.t020	bn:00049573n	bn:00074790n	wiki:progetto				
i004.s015.t021	i004.s015.t021	bn:00113583a						
i004.s015.t023	i004.s015.t023	bn:00101347a	bn:00101628a					
i004.s015.t024	i004.s015.t024	bn:00011771n	bn:00023235n	wiki:paese_(area_geografica)	wiki:stato			
i004.s015.t024	i004.s015.t025	bn:00031903n						
i004.s015.t025	i004.s015.t025	bn:00102440a						
i004.s015.t028	i004.s015.t028	bn:00023235n	wiki:paese_(area_geografica)					
i004.s015.t028	i004.s015.t029	bn:00003341n	wiki:stati_uniti_d'america					
i004.s015.t028	i004.s015.t031	bn:00003341n	wiki:stati_uniti_d'america					
i004.s015.t029	i004.s015.t029	bn:00112908a						
i004.s015.t031	i004.s015.t031	bn:00003341n	bn:00003342n	wiki:stati_uniti_d'america				
i004.s016.t002	i004.s016.t002	bn:00009905n	bn:00037022n					
i004.s016.t003	i004.s016.t003	bn:00088078v	bn:00091132v					
i004.s016.t004	i004.s016.t004	bn:00086567v	bn:00087841v					
i004.s016.t005	i004.s016.t005	bn:00923812n	wiki:maropitant					
i004.s016.t009	i004.s016.t009	bn:00049573n	bn:00074790n	wiki:progetto				
i004.s017.t002	i004.s017.t002	bn:00021961n	bn:00034520n	bn:00036688n	bn:09006875n	wiki:risultato		
i004.s017.t004	i004.s017.t004	bn:00049573n	bn:00074790n	wiki:progetto				
i004.s017.t006	i004.s017.t006	bn:00087562v						
i004.s017.t008	i004.s017.t008	bn:00923812n	wiki:maropitant					
i004.s017.t011	i004.s017.t011	bn:00102038a	bn:00102039a	bn:00102040a				
i004.s017.t013	i004.s017.t013	bn:00062717n	wiki:placebo_(medicina)					
i004.s017.t016	i004.s017.t016	bn:00008602n	bn:00015267n	wiki:canis_lupus_familiaris				
i004.s017.t017	i004.s017.t017	bn:00092032v						
i004.s017.t020	i004.s017.t020	bn:00054128n	bn:00061887n	wiki:farmaco				
i004.s017.t022	i004.s017.t022	bn:00006999n						
i004.s017.t024	i004.s017.t024	bn:00027565n	wiki:vomito					
i004.s017.t028	i004.s017.t028	bn:00103324a						
i004.s017.t029	i004.s017.t029	bn:00066865n						
i004.s017.t031	i004.s017.t031	bn:00004222n	wiki:animalia	wiki:fauna				
i004.s017.t032	i004.s017.t032	bn:00084532v	bn:00092032v					
i004.s017.t035	i004.s017.t035	bn:00062717n	wiki:placebo_(medicina)					
i004.s017.t039	i004.s017.t039	bn:00042823n	bn:00047235n					
i004.s017.t042	i004.s017.t042	bn:00008467n	bn:00035874n	wiki:preclusione				
i004.s017.t044	i004.s017.t044	bn:00027565n	wiki:vomito					
i004.s018.t002	i004.s018.t002	bn:00042823n	bn:00047235n					
i004.s018.t005	i004.s018.t005	bn:00008602n	bn:00015267n	wiki:canis_lupus_familiaris				
i004.s018.t007	i004.s018.t007	bn:00027565n	wiki:vomito					
i004.s018.t009	i004.s018.t009	bn:00083340v	bn:00083341v					
i004.s018.t012	i004.s018.t012	bn:00046787n	wiki:iniezione_(medicina)					
i004.s018.t016	i004.s018.t016	bn:00004222n	wiki:animalia	wiki:fauna				
i004.s018.t018	i004.s018.t018	bn:00006999n						
i004.s018.t020	i004.s018.t020	bn:00027565n	wiki:vomito					
i004.s018.t027	i004.s018.t027	bn:00089400v						
i004.s018.t029	i004.s018.t029	bn:00052222n	wiki:compressa					
i004.s018.t031	i004.s018.t031	bn:00009677n	wiki:organismo_vivente					
i004.s018.t036	i004.s018.t036	bn:00083115v						
i004.s019.t003	i004.s019.t003	bn:00042823n	bn:00047235n					
i004.s019.t005	i004.s019.t005	bn:08981187n	wiki:follow-up					
i004.s019.t008	i004.s019.t008	bn:00052222n	wiki:compressa					
i004.s019.t011	i004.s019.t011	bn:00082365v						
i004.s019.t013	i004.s019.t013	bn:00059954n						
i004.s019.t015	i004.s019.t015	bn:00008602n	bn:00015267n	wiki:canis_lupus_familiaris				
i004.s020.t004	i004.s020.t004	bn:00047235n	bn:00076843n	wiki:terapia				
i004.s020.t006	i004.s020.t006	bn:00027565n	wiki:vomito					
i004.s020.t009	i004.s020.t009	bn:00082868v	bn:00085316v					
i004.s020.t012	i004.s020.t012	bn:00054018n	bn:00054019n	wiki:misurazione				
i004.s020.t014	i004.s020.t014	bn:00075331n						
i004.s020.t018	i004.s020.t018	bn:00047235n	bn:00076843n	wiki:terapia				
i004.s020.t019	i004.s020.t019	bn:00113583a						
i004.s020.t021	i004.s020.t021	bn:00089817v	bn:00091179v					
i004.s020.t023	i004.s020.t023	bn:00016850n						
i004.s020.t025	i004.s020.t025	bn:00027565n	wiki:vomito					
i004.s021.t004	i004.s021.t004	bn:00030747n	wiki:rischio					
i004.s021.t005	i004.s021.t005	bn:00082868v	bn:00085316v					
i004.s021.t007	i004.s021.t007	bn:00923812n	wiki:maropitant					
i004.s022.t001	i004.s022.t001	bn:00923812n	wiki:maropitant					
i004.s022.t003	i004.s022.t003	bn:00114778r						
i004.s022.t004	i004.s022.t004	bn:00115530r						
i004.s022.t005	i004.s022.t005	bn:00082138v						
i004.s022.t007	i004.s022.t007	bn:00082365v						
i004.s022.t008	i004.s022.t008	bn:00114917r						
i004.s022.t010	i004.s022.t010	bn:00028320n	bn:09072838n	wiki:dosaggio				
i004.s022.t014	i004.s022.t014	bn:00019848n	bn:00077269n					
i004.s022.t016	i004.s022.t016	bn:00028320n	bn:09072838n	wiki:dosaggio				
i004.s022.t017	i004.s022.t017	bn:00082418v						
i004.s022.t020	i004.s022.t020	bn:00106124a						
i004.s022.t020	i004.s022.t021	bn:00051929n						
i004.s022.t021	i004.s022.t021	bn:00061605n	bn:00077267n	bn:00077268n				
i004.s022.t021	i004.s022.t023	bn:00061605n						
i004.s022.t023	i004.s022.t023	bn:00077268n						
i004.s022.t028	i004.s022.t028	bn:00019848n	bn:00077269n					
i004.s022.t030	i004.s022.t030	bn:00022191n	bn:00029170n					
i004.s022.t032	i004.s022.t032	bn:00042823n	bn:00047235n					
i004.s023.t004	i004.s023.t004	bn:00016012n						
i004.s023.t007	i004.s023.t007	bn:00082206v	bn:00094538v					
i004.s023.t009	i004.s023.t009	bn:00046516n	bn:00061714n	wiki:individuo	wiki:persona_(filosofia)			
i004.s023.t011	i004.s023.t011	bn:00082365v						
i004.s023.t013	i004.s023.t013	bn:00054128n	bn:00061887n	wiki:farmaco				
i004.s023.t015	i004.s023.t015	bn:00085363v	bn:00088764v					
i004.s023.t017	i004.s023.t017	bn:00022113n						
i004.s023.t020	i004.s023.t020	bn:00004222n	wiki:animalia	wiki:fauna				
i004.s024.t001	i004.s024.t001	bn:00923812n	wiki:maropitant					
i004.s024.t003	i004.s024.t003	bn:00091868v						
i004.s024.t004	i004.s024.t004	bn:00102398a	bn:00108295a					
i004.s024.t005	i004.s024.t005	bn:00030747n	wiki:rischio					
i004.s024.t008	i004.s024.t008	bn:00044576n	bn:00053097n	bn:08960999n	wiki:homo	wiki:homo_sapiens	wiki:uomo_(filosofia)	
